objectid,globalid,Seating Interest (Sidewalk/Roadway/Both),Restaurant Name,Legal Business Name,Doing Business As (DBA),Building Number,Street,Borough,Postcode,Business Address,Food Service Establishment Permit #,Sidewalk Dimensions (Length),Sidewalk Dimensions (Width),Sidewalk Dimensions (Area),Roadway Dimensions (Length),Roadway Dimensions (Width),Roadway Dimensions (Area),Approved for Sidewalk Seating,Approved for Roadway Seating,Qualify Alcohol,SLA Serial Number,SLA License Type,Landmark District or Building,landmarkDistrict_terms,healthCompliance_terms,Time of Submission,Latitude,Longitude,Community Board,Council District,Census Tract,BIN,BBL,NTA
10259,{2CBACAD1-49B6-4D8D-8F25-A3F415A9C586},roadway,About Coffee,ABOUT COFFEE LLC,ABOUT COFFEE,71,SULLIVAN STREET,Manhattan,10012,"71 SULLIVAN STREET, Manhattan, NY",50047872,,,,10,5,50,no,yes,no,,,no,,yes,08/14/2020 05:08:00 PM,40.724625,-74.003889,2,3,47,1007347,1004890008,SoHo-TriBeCa-Civic Center-Little Italy
8893,{5479AC6A-8D75-4343-8C9F-340B62696C67},sidewalk,Gregorys Coffee,Niko Coffee LLC,Niko Coffee LLC,58,West 44th,Manhattan,10036,"58 West 44th, Manhattan, NY",50047718,30,15,450,,,,yes,no,no,,,no,,yes,07/19/2020 01:35:00 PM,,,,,,,,
10307,{8B19037F-CA5A-4337-8248-5AC6116351F2},sidewalk,Gregorys Coffee,649 Broadway Coffee and Bakery LLC,649 Broadway Coffee and Bakery LLC,649,Broadway,Manhattan,10012,"649 Broadway, Manhattan, NY",50053975,25,15,375,,,,yes,no,no,,,no,,yes,08/17/2020 08:16:00 AM,40.726794,-73.995631,2,1,5501,1077824,1005320020,West Village
11871,{59583760-6479-493F-801E-633A228E45CD},sidewalk,STUMPTOWN COFFEE ROASTERS,STUMPTOWN COFFEE CORP,STUMPTOWN COFFEE ROASTERS,undefined,30 WEST    8 STREET,Manhattan,10011,"30 WEST    8 STREET, Manhattan, NY",41713782,125,12,1500,,,,yes,no,no,,,yes,yes,yes,02/23/2021 02:57:00 PM,40.73275,-73.997546,2,1,63,1080114,1005510019,West Village
7848,{A69228BC-69C7-4B68-861C-3A1266EF0D92},sidewalk,Gregorys Coffee,20 E 40 Coffee and Bakery LLC,20 E 40 Coffee and Bakery LLC,20,East 40th,Manhattan,10016,"20 East 40th, Manhattan, NY",50018146,30,15,450,,,,yes,no,no,,,no,,yes,07/09/2020 12:07:00 PM,,,,,,,,
9108,{816400D4-B210-4EB1-857B-31F4159BD849},openstreets,Black Fox Coffee,Black Fox Coffee 70 Pine LLC,Black Fox Coffee,70,pine,Manhattan,10005,"70  pine, Manhattan, NY",50094234,,,,,,,no,no,no,,,yes,yes,yes,07/22/2020 11:33:00 AM,,,,,,,,
11018,{42E2A0AF-A2B9-44C9-8783-02AAADB2E518},roadway,JOE COFFEE COMPANY,JAGR AMSTERDAM LLC,JOE COFFEE COMPANY,undefined,271 1/2 AMSTERDAM AVENUE,Manhattan,10023,"271 1/2 AMSTERDAM AVENUE, Manhattan, NY",50076369,,,,20,8,160,no,yes,no,,,yes,yes,yes,09/17/2020 01:42:00 PM,,,,,,,,
130,eaa3afb2-3538-43ad-83b0-604df65114e2,sidewalk,jacks stir brew coffee,jacks stir brew coffee,jacks stir brew coffee,10,10 downing street,Manhattan,10014,"10  10 downing street, Manhattan, NY",41694453,15,15,225,,,,yes,no,no,,,no,,yes,06/19/2020 11:18:00 AM,,,,,,,,
623,e93ea19c-fddc-4f74-8428-fd87ea336806,sidewalk,Ateaz Organic Coffee and Tea,Gurupalah Inc,Ateaz Organic Coffee and Tea,1575,1575 Second ave,Manhattan,10028,"1575 1575 Second ave , Manhattan, NY",82-3901005,35,20,700,,,,yes,no,no,,,no,,yes,06/19/2020 01:11:00 PM,,,,,,,,
885,2f60eb5a-7968-44f3-856b-44865104b67a,sidewalk,Gregorys Coffee,GDK Food Enterprises LLC,GDK Food Enterprises LLC,327,Park South,Manhattan,10010,"327 Park South, Manhattan, NY",50048644,16,7,112,,,,yes,no,no,,,no,,yes,06/19/2020 02:19:00 PM,,,,,,,,
905,46a2e273-aa6d-4bc4-823d-95735fb401fa,sidewalk,Ateaz Organic Coffee and Tea,Guru Palah Inc,Ateaz Organic Coffee and Tea,1575,1575 second avenue,Manhattan,10028,"1575 1575 second avenue , Manhattan, NY",82-3901005,35,20,700,,,,yes,no,no,,,no,,yes,06/19/2020 02:22:00 PM,,,,,,,,
10428,{9E1BA42E-AB87-45F0-8F5A-99907B8506E1},sidewalk,Black Fox Coffee,Black Fox Coffee 45 East 45th LLC,Black Fox Coffee,45,East 45th,Manhattan,10017,"45 East 45th, Manhattan, NY",50101553,18,6,108,,,,yes,no,no,,,no,,yes,08/19/2020 11:40:00 AM,40.754538,-73.977398,5,4,94,1035393,1012810021,Midtown-Midtown South
3119,{ac0c9886-9a67-4176-8d5b-9db08e4894ca},sidewalk,Landmark Coffee Shop,T.K and junior Restaurant Inc.,T.K and junior Restaurant Inc.,158,Grand,Manhattan,10013,"158 Grand, Manhattan, NY",40397886,69,6,414,,,,yes,no,no,,,yes,yes,yes,06/21/2020 08:19:00 PM,,,,,,,,
12055,{A81730BA-6C3A-40FB-853B-4E167817AB9E},sidewalk,ABOUT COFFEE,ABOUT COFFEE COLUMBUS LLC,ABOUT COFFEE,undefined,445 COLUMBUS AVENUE,Manhattan,10024,"445 COLUMBUS AVENUE, Manhattan, NY",50088962,18,4,72,,,,yes,no,no,,,yes,yes,yes,03/20/2021 09:43:00 AM,40.783475,-73.974355,7,6,165,1031134,1011950001,Upper West Side
3949,{33ceecc2-df68-4e83-8526-f613b211cd10},roadway,Lenox Coffee,Lenox Coffee LLC,Lenox Coffee LLC,60,WEST 129TH STREET,Manhattan,10027,"60 WEST 129TH STREET, Manhattan, NY",41626743,,,,17,8,136,no,yes,yes,1267392,TW,no,,yes,06/22/2020 05:58:00 PM,40.809819,-73.942462,10,9,208,1053712,1017260069,Central Harlem North-Polo Grounds
3585,{db881bf2-8c36-42fd-8940-36a19d278814},both,Gotham Coffee Roasters,Gotham Coffee Roasters Inc,Gotham Coffee Roasters,23,19th St.,Manhattan,10011,"23 19th St., Manhattan, NY",50058667,12,12,144,12,5,60,yes,yes,no,,,yes,yes,yes,06/22/2020 01:30:00 PM,,,,,,,,
12068,{1BDD9776-8820-4348-860B-E455AB37AFAA},both,OLIVER COFFEE,ALL DAY FOOD LLC,OLIVER COFFEE,undefined,5 OLIVER STREET,Manhattan,10038,"5 OLIVER STREET, Manhattan, NY",50058023,45,3,135,16,8,128,yes,yes,no,,,no,,yes,03/22/2021 12:29:00 PM,40.712982,-73.99807,3,1,27,1081974,1002790015,Chinatown
4315,{F5CB35DD-1992-45B2-8E49-FA4427338DE1},sidewalk,Patent Coffee / Patent Pending,"West 27th Street Cafe, LLC","Patent Coffee, Patent Pending",49,West 27th Street,Manhattan,10001,"49 West 27th Street, Manhattan, NY",FA0220838,100,6,600,,,,yes,no,yes,1306252,OP,yes,yes,yes,06/23/2020 01:12:00 PM,40.744911,-73.98974,5,3,58,1015676,1008290007,Hudson Yards-Chelsea-Flatiron-Union Square
12075,{E55C4539-AB05-4D41-82BF-3A39556B9959},roadway,BIRCH COFFEE,GROUNDS FOR IMPROVEMENT LLC,Birch Coffee,undefined,432 3 AVENUE,Manhattan,10016,"432 3 AVENUE, Manhattan, NY",50035073,,,,11,8,88,no,yes,no,,,no,,yes,03/23/2021 08:21:00 AM,40.743302,-73.979903,6,2,72,1083072,1008867502,Murray Hill-Kips Bay
4020,{c7efa2ac-c1a1-4385-8b65-3eba3fcb4f4a},both,DEBUTEA TEA&COFFEE,DEBUTEA INC,DEBUTEA,217,Thompson,Manhattan,10012,"217 Thompson , Manhattan, NY",50073301,20,6,120,20,6,120,yes,yes,no,,,yes,yes,yes,06/22/2020 07:33:00 PM,,,,,,,,
10486,{E9E534D8-18D4-4EF3-87D0-A6CD93081638},sidewalk,Starbucks Coffee,Starbucks Corporation,Starbucks Corporation,605,Third Ave,Manhattan,10158,"605 Third Ave, Manhattan, NY",50058917,9,15,135,,,,yes,no,no,,,no,,yes,08/20/2020 05:27:00 PM,40.749076,-73.975682,6,4,88,1082153,1009200012,Turtle Bay-East Midtown
10516,{E4AD214A-D375-4D41-87AF-50A0D3D37CCE},sidewalk,Starbucks Coffee,Starbucks Corporation,Starbucks Corporation,605,Third Ave,Manhattan,10158,"605 Third Ave, Manhattan, NY",50058917,10,16,160,,,,yes,no,no,,,no,,yes,08/21/2020 11:46:00 AM,40.749076,-73.975682,6,4,88,1082153,1009200012,Turtle Bay-East Midtown
12099,{D72CE56F-1EC3-4A09-8197-F570DC539566},roadway,SALTWATER COFFEE,SALTWATERNYC2 LLC,SALTWATER COFFEE,undefined,126 WAVERLY PLACE,Manhattan,10011,"126 WAVERLY PLACE, Manhattan, NY",50102396,,,,24,8,192,no,yes,no,,,yes,yes,yes,03/25/2021 12:18:00 PM,40.732722,-73.999664,2,1,65,1008904,1005527501,West Village
5959,{97CC13FC-3844-49AC-800E-697F70A894B1},sidewalk,Gregorys Coffee,122 EAST 42 COFFEE AND BAKERY LLC,122 EAST 42 COFFEE AND BAKERY LLC,122,East 42nd,Manhattan,10165,"122 East 42nd, Manhattan, NY",50105096,20,20,400,,,,yes,no,no,,,no,,yes,06/27/2020 11:25:00 AM,,,,,,,,
3109,{4bb9f3c2-acad-4711-80bb-258f1c303f20},both,HALO BISTRO COFFEE SHOP INC,HALO BISTRO COFFEE SHOP INC,HALO BISTRO COFFEE SHOP,4394,BROADWAY,Manhattan,10040,"4394 BROADWAY, Manhattan, NY",50091292,63,8,504,63,8,504,yes,yes,yes,1319940,RW,no,,yes,06/21/2020 07:55:00 PM,40.854657,-73.93353,12,10,279,1064038,1021700003,Washington Heights North
11917,{043C180B-1278-4F3C-882A-155CFEA740A9},roadway,SANT AMBROEUS COFFEE BAR,SA THIRD AVE CAFE LLC,SANT AMBROEUS COFFEE BAR,undefined,1136 3 AVENUE,Manhattan,10065,"1136 3 AVENUE, Manhattan, NY",50064720,,,,21,8,168,no,yes,yes,Aug-67,OP,no,,yes,03/05/2021 10:14:00 AM,40.766164,-73.963228,8,4,120,1042464,1014017501,Upper East Side-Carnegie Hill
12376,{2E22E1F2-2DB7-4C6E-86C3-FAEACC7CA12E},sidewalk,BLUESPOON COFFEE,"BLUESPOON COFFEE COMPANY, LLC",BLUE SPOON COFFEE COMPANY,undefined,76 CHAMBERS STREET,Manhattan,10007,"76 CHAMBERS STREET, Manhattan, NY",41133582,10,4,40,,,,yes,no,no,,,no,,yes,05/05/2021 03:29:00 PM,40.714365,-74.00676,1,1,21,1079153,1001357504,SoHo-TriBeCa-Civic Center-Little Italy
12393,{4463F29D-6A6B-4EE7-8FB5-26230AC37ABE},roadway,THINK COFFEE,THINK FOURTH AVENUE LLC,Think coffee,undefined,123 4 AVENUE,Manhattan,10003,"123 4 AVENUE, Manhattan, NY",41444291,,,,20,8,160,no,yes,no,,,no,,yes,05/09/2021 04:57:00 PM,40.733114,-73.989944,3,2,42,1009008,1005580005,East Village
12402,{ED34F482-241A-4C2C-8425-5FBA452FF8EA},roadway,STARBUCKS COFFEE,STARBUCKS CORPORATION,STARBUCKS COFFEE,undefined,1142 MADISON AVENUE,Manhattan,10028,"1142 MADISON AVENUE, Manhattan, NY",50055973,,,,20,8,160,no,yes,no,,,yes,yes,yes,05/11/2021 09:37:00 AM,40.779972,-73.959469,8,4,15001,1072932,1014967501,Upper East Side-Carnegie Hill
12413,{8EE9A1CF-11E0-465F-8927-1E8C80BF3490},both,THINK COFFEE,THINK FOURTH AVENUE LLC,Think coffee,undefined,123 4 AVENUE,Manhattan,10003,"123 4 AVENUE, Manhattan, NY",41444291,22,5,110,20,8,160,yes,yes,no,,,no,,yes,05/12/2021 10:50:00 AM,40.733114,-73.989944,3,2,42,1009008,1005580005,East Village
7912,{6D890B85-67D9-4DE3-8128-6C9680DD674C},both,Patent Coffee,"West 27th Street Cafe, LLC","West 27th Street Cafe, LLC",49,West 27th Street,Manhattan,10001,"49  West 27th Street, Manhattan, NY",82202912,40,8,320,40,8,320,yes,yes,yes,May-76,OP,yes,yes,yes,07/09/2020 03:52:00 PM,40.744911,-73.98974,5,3,58,1015676,1008290007,Hudson Yards-Chelsea-Flatiron-Union Square
12448,{E70DCAB2-0E3D-42A2-845C-58BAE499ACBD},both,THINK COFFEE,"THINK COFFEE, LLC",Think coffee,undefined,248 MERCER STREET,Manhattan,10012,"248 MERCER STREET, Manhattan, NY",41169084,25,5,125,25,8,200,yes,yes,no,,,yes,yes,yes,05/19/2021 03:49:00 PM,40.728353,-73.99544,2,1,5501,1008629,1005357501,West Village
12478,{45877228-A31C-4513-8810-71782CFB9FC9},sidewalk,THINK COFFEE,THINK HUDSON YARDS LLC,THINK COFFEE,undefined,500 WEST   30 STREET,Manhattan,10001,"500 WEST   30 STREET, Manhattan, NY",50040175,30,8,240,,,,yes,no,no,,,no,,yes,05/25/2021 03:17:00 PM,40.752125,-74.001159,4,3,99,1089862,1007017502,Hudson Yards-Chelsea-Flatiron-Union Square
9046,{CA1CA8BF-3439-47A3-8F75-FD82B2C91F73},roadway,Birch Coffee,Outstanding Grounds LLC,Birch Coffee,171,East 88th Street,Manhattan,10128,"171 East 88th Street, Manhattan, NY",50068093,,,,22,8,176,no,yes,no,,,no,,yes,07/21/2020 01:26:00 PM,40.780453,-73.953785,8,5,14802,1048084,1015170033,Upper East Side-Carnegie Hill
7126,{C262C114-2800-498F-857D-A35903FB854B},both,Irving Farm Coffee,West 3rd Coffee Corp,Irving Farm,78,West 3rd Street,Manhattan,10012,"78 West 3rd Street, Manhattan, NY",50068860,85,12,1020,85,8,680,yes,yes,no,,,no,,yes,07/03/2020 02:28:00 PM,40.729736,-73.998723,2,1,65,1008676,1005390021,West Village
12510,{FD85C87F-D3AF-44FB-8D81-49B5EEAED71F},roadway,NOW OR NEVER COFFEE,BELL'S LLC,Now or Never Coffee,undefined,30 GRAND STREET,Manhattan,10013,"30 GRAND STREET, Manhattan, NY",50098877,,,,22,8,176,no,yes,yes,Dec-49,EB,no,,yes,05/31/2021 01:37:00 PM,40.722817,-74.004658,2,1,47,1077735,1004760045,SoHo-TriBeCa-Civic Center-Little Italy
12537,{A02406BF-80B2-49D0-8137-D403282DC713},both,THINK COFFEE,THINK GRAMERCY LLC,THINK COFFEE,undefined,280 3 AVENUE,Manhattan,10010,"280 3 AVENUE, Manhattan, NY",50053479,45,5,225,21,8,168,yes,yes,no,,,no,,yes,06/07/2021 04:57:00 PM,40.738076,-73.983708,6,2,68,1089666,1008777501,Gramercy
12550,{EFE0B542-01CB-4D5B-85BE-648204583D27},sidewalk,JOE: THE ART OF COFFEE,JAGR TWO LLC,JOE: THE ART OF COFFEE,undefined,405 WEST   23 STREET,Manhattan,10011,"405 WEST   23 STREET, Manhattan, NY",41345732,6,4,24,,,,yes,no,no,,,yes,yes,yes,06/10/2021 09:06:00 AM,40.746712,-74.001826,4,3,93,1077236,1007217501,Hudson Yards-Chelsea-Flatiron-Union Square
1289,b883a4e5-b21b-4039-858a-c13e36353223,sidewalk,Gregorys Coffee,42 Broadway Coffee and Bakery LLC,42 Broadway Coffee and Bakery LLC,42,Broadway,Manhattan,10004,"42 Broadway, Manhattan, NY",50007127,20,15,300,,,,yes,no,no,,,no,,yes,06/19/2020 03:53:00 PM,40.70627,-74.012909,1,1,9,1000812,1000220020,Battery Park City-Lower Manhattan
9992,{7E19A1C2-428F-458D-82B5-5BFC4D7D159A},both,juice and joy organic coffee,juice and joy organics,juice and joy organics,434,6TH AVE,Manhattan,10011,"434  6TH AVE, Manhattan, NY",50090278,5,5,25,5,5,25,yes,yes,no,,,no,,yes,08/07/2020 12:17:00 PM,40.734583,-73.998849,2,3,63,1009454,1005730006,West Village
12579,{2C80C154-A609-4C0B-8D94-654E5ECDC5AA},sidewalk,Coffee and Cocktails,WSA CAFE LLC,Coffee and Cocktails,undefined,18 9 AVENUE,Manhattan,10014,"18 9 AVENUE, Manhattan, NY",50111095,47,6,282,,,,yes,no,yes,Aug-40,OP,no,,yes,06/17/2021 02:36:00 PM,40.740114,-74.005961,2,3,79,1087054,1006280004,West Village
1212,3aeb7360-cdc3-4781-83d4-86e99f7e4ba2,sidewalk,Gregorys Coffee,1407 Broadway Coffee and Bakery LLC,1407 Broadway Coffee and Bakery LLC,1407,Broadway,Manhattan,10018,"1407 Broadway, Manhattan, NY",50064386,15,20,300,,,,yes,no,no,,,no,,yes,06/19/2020 03:31:00 PM,40.753439,-73.987151,5,3,113,1015265,1008140015,Midtown-Midtown South
7548,{EE640D4A-3002-4187-869D-9AD13C067D75},roadway,Brooklyn Bagel & Coffee Company,63 East 8 Bagel Corp.,Brooklyn Bagel & Coffee Company,63,East 8th Street,Manhattan,10003,"63 East 8th Street, Manhattan, NY",50081301,,,,20,8,160,no,yes,no,,,no,,yes,07/07/2020 01:05:00 PM,40.7309,-73.993119,2,2,59,1009092,1005607503,West Village
2342,{dc5d124f-de6c-45a4-8f7d-d4bae71b3acc},roadway,Dreamers Coffee,Dreamers Coffee,Dreamers Coffee,54,Henry Street,Manhattan,10002,"54 Henry Street, Manhattan, NY",50101797,,,,12,8,96,no,yes,no,,,no,,yes,06/20/2020 02:25:00 PM,40.712949,-73.995231,3,1,8,1003343,1002770031,Chinatown
1476,76713f6f-aceb-4217-8a88-63604e79b710,sidewalk,Blank Slate Coffee + Kitchen (Midtown),Midtown Kitchen LLC,Blank Slate Coffee + Kitchen,941,2nd Avenue,Manhattan,10022,"941 2nd Avenue, Manhattan, NY",50094180,80,10,800,,,,yes,no,yes,1318883,RW,no,,yes,06/19/2020 04:44:00 PM,40.754789,-73.968598,6,4,98,1038233,1013230029,Turtle Bay-East Midtown
1071,bf8434e4-8ba4-4152-8b19-69dea3a68de6,sidewalk,Blank Slate Coffee + Kitchen (NoMad),NoMad Kitchen LLC,Blank Slate Coffee + Kitchen,121,Madison Avenue,Manhattan,10016,"121 Madison Avenue, Manhattan, NY",50042774,48,7,336,,,,yes,no,yes,1288191,RW,no,,yes,06/19/2020 12:04:00 PM,40.745405,-73.984662,5,2,74,1016958,1008600022,Midtown-Midtown South
7494,{3C4C15A5-7ACE-4341-85D5-F506698255AD},sidewalk,Blue Bottle Coffee Gramercy,Blue Bottle Coffee,Blue Bottle Coffee,257,Park Ave S,Manhattan,10010,"257 Park Ave S, Manhattan, NY",50093358,16,12,192,,,,yes,no,no,,,no,,yes,07/06/2020 11:43:00 PM,40.738574,-73.987536,5,2,50,1017947,1008760006,Gramercy
12653,{527D0504-E95C-44F2-84B7-B85F2A89D8AE},both,BLACK LAB COFFEE INC.,BLACK LAB COFFEE INC.,BLACK LAB COFFEE INC.,undefined,420 AMSTERDAM AVENUE,Manhattan,10024,"420 AMSTERDAM AVENUE, Manhattan, NY",50112175,60,5,300,32,8,256,yes,yes,no,,,yes,yes,yes,07/06/2021 09:01:00 AM,40.783978,-73.977731,7,6,167,1032663,1012280029,Upper West Side
8180,{B3219AA6-ADA5-4255-863A-F0594D97F357},roadway,Terremoto Coffee Chesea,"Terremoto Coffee Chesea, LLC","Terremoto Coffee Chesea, LLC",328,West 15th Street,Manhattan,10011,"328 West 15th Street, Manhattan, NY",52287717,,,,25,8,200,no,yes,no,,,no,,yes,07/13/2020 12:55:00 PM,40.74085,-74.003006,4,3,83,1013027,1007380056,Hudson Yards-Chelsea-Flatiron-Union Square
1442,2b18fe0f-70e0-475a-8a9f-4bd6ce18ea6e,both,Coffee Project NY,COFFEE PROJECT NEW YORK INC.,Coffee Project NY,239,E 5th Street,Manhattan,10003,"239 E 5th Street, Manhattan, NY",50042006,10,2,20,10,8,80,yes,yes,no,,,yes,yes,yes,06/19/2020 04:25:00 PM,40.727323,-73.990251,3,2,38,1006629,1004610035,East Village
7922,{8C1C39DD-36A7-4E49-8EF9-3C08F9A488E3},roadway,Caffe Vita Coffee Roasting Co.,Vita Coffee LLC,Caffe Vita,124,Ludlow St,Manhattan,10002,"124 Ludlow St, Manhattan, NY",50036530,,,,8,4,32,no,yes,no,,,no,,yes,07/09/2020 04:25:00 PM,40.719725,-73.988524,3,1,18,1005328,1004100044,Chinatown
2566,{53a10c25-9a1a-4029-88b4-9cd66a484a7a},sidewalk,Lenox Coffee,Lenox Coffee LLC,Lenox Coffee LLC,60,West 129th street,Manhattan,10029,"60  West 129th street, Manhattan, NY",41626743,17,7,119,,,,yes,no,yes,1267392,TW,no,,yes,06/20/2020 05:48:00 PM,40.809819,-73.942462,10,9,208,1053712,1017260069,Central Harlem North-Polo Grounds
5557,{D491C00A-E3CC-417E-8629-FC985DA9FC8D},sidewalk,Black Press Coffee,BPC270 LLC,Black Press Coffee,274,Columbus Ave,Manhattan,10016,"274 Columbus Ave, Manhattan, NY",50086714,24,12,288,,,,yes,no,no,,,yes,yes,yes,06/25/2020 07:24:00 PM,40.777893,-73.978455,7,6,157,1029938,1011440033,Lincoln Square
12682,{E053F244-1D83-44E1-8453-58D390A85232},both,NOLITA COFFEE NYC,NOLITA MARKET NYC LLC,NOLITA COFFEE NYC,undefined,223 MOTT STREET,Manhattan,10012,"223 MOTT STREET, Manhattan, NY",50112321,11,4,44,14,7,98,yes,yes,no,,,no,,yes,07/12/2021 03:12:00 PM,40.7223,-73.995209,2,1,43,1007499,1004940028,SoHo-TriBeCa-Civic Center-Little Italy
6965,{87306E9B-1C6A-4C2E-8786-126F3E9A56BD},roadway,Yours Truly Coffee,New York Moto LLC,Yours Truly,8,Spring St,Manhattan,10012,"8 Spring St, Manhattan, NY",50044704,,,,10,7,70,no,yes,no,,,no,,yes,07/02/2020 02:36:00 PM,40.721153,-73.994343,2,1,41,1007139,1004780020,SoHo-TriBeCa-Civic Center-Little Italy
12735,{916BBBCA-9235-4EAB-8AB6-D636BC213C1C},sidewalk,FOREVER COFFEE BAR,"ARNOPULO, LLC",FOREVER COFFEE BAR,undefined,714 WEST  181 STREET,Manhattan,10033,"714 WEST  181 STREET, Manhattan, NY",50083695,8,8,64,,,,yes,no,no,,,no,,yes,08/04/2021 01:16:00 PM,40.850374,-73.936452,12,10,265,1064279,1021760128,Washington Heights South
6664,{DFC9F828-403E-4E08-82FA-999AECCF7BFC},sidewalk,Gregorys Coffee,K Coffee and Bakery LLC,K Coffee and Bakery LLC,874,6th Ave,Manhattan,10001,"874 6th Ave, Manhattan, NY",50053977,25,10,250,,,,yes,no,no,,,no,,yes,07/01/2020 10:08:00 AM,40.747826,-73.989205,5,3,76,1015799,1008320078,Midtown-Midtown South
10007,{D727EBEB-48A4-4BAE-85E1-44F3355A8DDA},sidewalk,MANHATTANVILLE COFFEE,"MANHATTANVILLE COFFEE, LLC","MANHATTANVILLE COFFEE, LLC",142,EDGECOMBE AVE,Manhattan,10030,"142 EDGECOMBE AVE, Manhattan, NY",50074795,40,5,200,,,,yes,no,no,,,no,,yes,08/07/2020 02:12:00 PM,40.821318,-73.944732,10,9,259,1060761,1020437503,Central Harlem North-Polo Grounds
6338,{A4307A82-402B-4E8B-8DDD-B0B3BD8F6E80},sidewalk,REMI43 FLOWER & COFFEE,CH FLOWER CORP.,CH FLOWER CORP.,810,2nd Ave,Manhattan,10017,"810 2nd Ave, Manhattan, NY",50101533,27,5,135,,,,yes,no,no,,,no,,yes,06/29/2020 02:33:00 PM,40.750694,-73.971556,6,4,88,1038674,1013367501,Turtle Bay-East Midtown
3014,{4c385594-400f-4dd8-87a6-4bb7c0c086ae},sidewalk,Frenchy Coffee NYC,Frenchy Coffee NYC LLC,Frenchy Coffee NYC LLC,129,East 102nd Street,Manhattan,10029,"129 East 102nd Street, Manhattan, NY",50073325,24,15,360,,,,yes,no,no,,,no,,yes,06/21/2020 04:30:00 PM,40.789887,-73.948596,11,8,166,1051882,1016300016,East Harlem South
9122,{742870E2-A96E-4EAF-87E1-13F201F202BE},roadway,Think Coffee,Think Hudson Yards,Think Coffee,500,W 30th Street,Manhattan,10001,"500  W 30th Street, Manhattan, NY",50040175,,,,30,8,240,no,yes,no,,,no,,yes,07/22/2020 12:51:00 PM,40.752125,-74.001159,4,3,99,1089862,1007017502,Hudson Yards-Chelsea-Flatiron-Union Square
2213,{1b1a1fc2-a11c-4d55-83c9-d4d35bffb452},both,Merriweather Coffee + Kitchen,Merriweather Holdings LLC,Merriweather Holdings LLC,428,Hudson Street,Manhattan,10014,"428 Hudson Street, Manhattan, NY",50052917,16,6,96,16,8,128,yes,yes,no,,,yes,yes,yes,06/20/2020 12:38:00 PM,40.730636,-74.006776,2,3,67,1009777,1005830005,West Village
2716,{b6db7231-9a00-4ff3-87bc-54f6a8123ecb},sidewalk,East One Coffee Roasters,East One W23RD Street LLC,East One Coffee Roasters,170,W 23RD St,Manhattan,10011,"170 W 23RD St, Manhattan, NY",50094940,70,20,1400,,,,yes,no,no,,,no,,yes,06/20/2020 10:41:00 PM,40.743677,-73.994655,4,3,91,1068238,1007987502,Hudson Yards-Chelsea-Flatiron-Union Square
767,ed002d07-0298-49f7-8ef9-d7c2926ccd3c,sidewalk,le cafe coffee,le cafe 40 llc,le cafe 40 llc,1440,broadway,Manhattan,10018,"1440 broadway, Manhattan, NY",50093726,15,15,225,,,,yes,no,no,,,no,,yes,06/19/2020 01:51:00 PM,40.754611,-73.986761,5,4,113,1022563,1009930011,Midtown-Midtown South
5782,{55D881EC-BBB5-4749-8DE8-22A7671262C2},sidewalk,Blue Bottle Coffee,"Blue Bottle Coffee, INC","Blue Bottle Coffee, INC",450,West 15th street,Manhattan,10014,"450 West 15th street, Manhattan, NY",50050372,20,12,240,,,,yes,no,no,,,no,,yes,06/26/2020 03:46:00 PM,40.742463,-74.006842,4,3,83,1080355,1007120001,Hudson Yards-Chelsea-Flatiron-Union Square
568,65c5892e-db59-427f-8a31-d8a9ff6a239c,sidewalk,le cafe coffee,le petit raphael llc,le cafe coffee,7,east 14 st,Manhattan,10003,"7  east 14 st, Manhattan, NY",50002623,10,10,100,,,,yes,no,no,,,no,,yes,06/19/2020 01:10:00 PM,40.735859,-73.993245,5,2,52,1016062,1008420007,Hudson Yards-Chelsea-Flatiron-Union Square
7847,{9ACCEB01-534D-4762-89F3-F9C066957238},sidewalk,Gregorys Coffee,100 Coffee and Bakery LLC,100 Coffee and Bakery LLC,100,Wall St,Manhattan,10005,"100 Wall St, Manhattan, NY",50008017,75,50,3750,,,,yes,no,no,,,no,,yes,07/09/2020 12:04:00 PM,40.70497,-74.007084,1,1,7,1000875,1000380001,Battery Park City-Lower Manhattan
8924,{DF883A3F-7FAB-4390-8010-D3EE869051A7},roadway,Le cafe coffee,Le cafe 40 LLC,Le cafe coffee,1440,Broadway,Manhattan,10018,"1440 Broadway, Manhattan, NY",50093726,,,,22,8,176,no,yes,no,,,no,,yes,07/19/2020 09:49:00 PM,40.754611,-73.986761,5,4,113,1022563,1009930011,Midtown-Midtown South
9472,{63B46F7B-ADEC-438C-83A7-ECDBB3A0717B},sidewalk,Gregorys Coffee,551 Coffee and Bakery LLC,551 Coffee and Bakery LLC,551,Madison Ave,Manhattan,10022,"551 Madison Ave, Manhattan, NY",50055040,15,15,225,,,,yes,no,no,,,no,,yes,07/28/2020 02:41:00 PM,40.761081,-73.97323,5,4,102,1035770,1012910021,Midtown-Midtown South
1300,7bd0cd33-5a8b-4088-8b6b-1ed4f1460fc1,sidewalk,Gregorys Coffee,GG Coffee and Bakery LLC,GG Coffee and Bakery LLC,12,East 46th St,Manhattan,10017,"12 East 46th St, Manhattan, NY",50048642,20,10,200,,,,yes,no,no,,,no,,yes,06/19/2020 03:56:00 PM,40.755741,-73.978358,5,4,94,1035397,1012810062,Midtown-Midtown South
12897,{5EE607FE-C373-47CD-83FE-DD37C19BAD27},sidewalk,GROUND CENTRAL COFFEE COMPANY,501 SEVENTH GROUP LLC,GROUND CENTRAL COFFEE COMPANY,,888 8 AVENUE,Manhattan,10019,"888 8 AVENUE, Manhattan, NY",50070277,8,3,24,,,,yes,no,yes,Feb-79,TW,no,,yes,09/28/2021 12:27:00 PM,40.764072,-73.984791,5,3,131,1024825,1010240001,Midtown-Midtown South
1365,1a95dce6-a7ff-4872-8f69-09485fa85273,both,Kobrick Coffee Co.,"Rehandari, LLC",Kobrick Coffee Co.,24,9th Avenue,Manhattan,10014,"24  9th Avenue , Manhattan, NY",40955649,48,11,528,65,8,520,yes,yes,yes,1138317,OP,yes,yes,yes,06/19/2020 03:57:00 PM,40.74041,-74.005745,2,3,79,1011691,1006290001,West Village
5336,{6DE035AC-0B9B-4C2C-8C1F-FA4BCCBD434F},both,Blue Bottle Coffee,Blue Bottle Coffee Inc.,Blue Bottle Coffee,2,Astor place,Manhattan,10003,"2  Astor place, Manhattan, NY",50093350,24,5,120,24,8,192,yes,yes,no,,,yes,yes,yes,06/25/2020 12:56:00 PM,40.730038,-73.992632,2,2,57,1080092,1005450026,West Village
8714,{6F8132D7-BCE1-4894-8DF0-66DDCA9BFF97},both,Blue Bottle Coffee,Blue Bottle Coffee,Blue Bottle Coffee,450,W 15th St.,Manhattan,10014,"450  W 15th St. , Manhattan, NY",50050372,24,35,840,24,4,96,yes,yes,no,,,no,,yes,07/17/2020 09:48:00 AM,40.742463,-74.006842,4,3,83,1080355,1007120001,Hudson Yards-Chelsea-Flatiron-Union Square
12987,{ACCCE99D-C3E5-4F4B-8CD7-31C76E85A043},sidewalk,787 COFFEE ROASTERS,787 COFFEE ROASTERS LLC,787 COFFEE ROASTERS,,30 BROAD STREET,Manhattan,10004,"30 BROAD STREET, Manhattan, NY",50107624,9,8,72,,,,yes,no,no,,,no,,yes,10/19/2021 04:31:00 PM,40.70618,-74.01125,1,1,9,1000819,1000240029,Battery Park City-Lower Manhattan
595,570ea73c-2d59-48d9-8932-3e294160990a,sidewalk,le cafe coffee,le cafe park ave llc,le cafe park ave llc,407,park ave south,Manhattan,10016,"407 park ave south, Manhattan, NY",50081167,12,12,144,,,,yes,no,no,,,no,,yes,06/19/2020 01:15:00 PM,40.743324,-73.983695,5,2,72,1018204,1008840001,Murray Hill-Kips Bay
9549,{A38F4AA9-BB0B-46BE-8FD4-43CEEA16C75D},sidewalk,Gregorys Coffee,762 7th Coffee and Bakery LLC,762 7th Coffee and Bakery LLC,762,7th Avenue,Manhattan,10019,"762 7th Avenue, Manhattan, NY",50055969,40,15,600,,,,yes,no,no,,,no,,yes,07/30/2020 11:14:00 AM,40.761192,-73.983204,5,4,131,1024810,1010220026,Midtown-Midtown South
2038,{42e562e6-7c3f-4e66-8ef7-1ca087ea612a},both,andrews coffee shop,Andrews Thirty Fifth Street Coffee Shop Inc,andrews coffee shop,463,7th Avenue,Manhattan,10018,"463 7th Avenue, Manhattan, NY",40378579,31,18,558,27,8,216,yes,yes,yes,1256566,RW,no,,yes,06/20/2020 07:05:00 AM,40.751749,-73.990057,5,3,109,1015222,1008110001,Midtown-Midtown South
7358,{0F443719-3A8E-4086-8536-53E1C2A4847A},sidewalk,Gregorys Coffee,Park Coffee and Bakery LLC,Park Coffee and Bakery LLC,2,Park Avenue,Manhattan,10016,"2 Park Avenue, Manhattan, NY",50012068,30,15,450,,,,yes,no,no,,,no,,yes,07/06/2020 09:54:00 AM,40.746077,-73.982092,5,2,74,1017019,1008620029,Midtown-Midtown South
683,b92c084a-a135-4e0a-870c-cabec50e0c46,sidewalk,le cafe coffee,le cafe coffee 661 llc,le cafe coffee,611,lexington av,Manhattan,10022,"611 lexington av, Manhattan, NY",50054524,12,12,144,,,,yes,no,no,,,no,,yes,06/19/2020 01:35:00 PM,40.758593,-73.97082,6,4,100,1036474,1013087501,Turtle Bay-East Midtown
3305,{44a1bc13-ea99-4792-8547-7ca202c2a989},sidewalk,"Rossy's Bakery & Coffee Shop, Inc","Rossy's Bakery & Coffee Shop, Inc","Rossy's Bakery & Coffee Shop, Inc",242,E. 3rd Street,Manhattan,10009,"242 E. 3rd Street, Manhattan, NY",41457591,14,17,238,,,,yes,no,no,,,no,,yes,06/22/2020 10:15:00 AM,40.72222,-73.981915,3,2,2202,1004594,1003850026,Lower East Side
9364,{D700C61F-441F-4085-84FB-35EFBB1AC537},both,Blue Bottle Coffee,"Blue Bottle Coffee, Inc.","Blue Bottle Coffee, Inc.",279,Amsterdam Avenue,Manhattan,10023,"279 Amsterdam Avenue, Manhattan, NY",50079275,25,7,175,12,8,96,yes,yes,no,,,yes,yes,yes,07/26/2020 03:31:00 PM,40.779382,-73.981054,7,6,157,1030007,1011450001,Lincoln Square
7998,{9B4E356E-7684-430E-81F8-6F7887FFA941},roadway,Now or Never Coffee,Bell's LLC,Now or Never Coffee,30,Grand Street,Manhattan,10013,"30  Grand Street, Manhattan, NY",50098877,,,,25,8,200,no,yes,no,,,no,,yes,07/10/2020 10:37:00 AM,40.722817,-74.004658,2,1,47,1077735,1004760045,SoHo-TriBeCa-Civic Center-Little Italy
3376,{93f66283-0581-4829-83c3-99476d3639d5},sidewalk,Prodigy Coffee,Harlem Roasting Company llc,Prodigy Coffee,33,Carmine Street,Manhattan,10014,"33 Carmine Street, Manhattan, NY",50072863,13,10,130,,,,yes,no,no,,,yes,yes,yes,06/22/2020 11:20:00 AM,40.730098,-74.003215,2,3,67,1083520,1005860032,West Village
4353,{B8488464-8400-4B66-8DFC-A37167097654},sidewalk,Interlude Coffee & Tea,Noteworthy Coffee Inc.,Interlude Coffee & Tea,145,Hudson St.,Manhattan,10013,"145 Hudson St., Manhattan, NY",500786659,22,7,154,,,,yes,no,no,,,yes,yes,yes,06/23/2020 01:48:00 PM,40.721073,-74.008398,1,1,39,1002803,1002147502,SoHo-TriBeCa-Civic Center-Little Italy
6080,{2ADF9714-FD63-4338-8FA2-CF91204A7ED2},sidewalk,Blackstone Coffee Roasters,Blackstone Coffee Roasters CORP,Blackstone Coffee Roasters CORP,502,Hudson Street,Manhattan,10014,"502 Hudson Street, Manhattan, NY",50070527,20,19,380,,,,yes,no,no,,,yes,yes,yes,06/27/2020 08:25:00 PM,40.733156,-74.006379,2,3,73,1011133,1006190001,West Village
3046,{3109bcd7-9ee9-4c76-8193-d6ff1fb16c1f},sidewalk,Neils Coffee Shop,Tihi Restaurant Corp,Neils Coffee Shop,961,Lexington Avenue,Manhattan,10021,"961 Lexington Avenue, Manhattan, NY",675432,50,6,300,,,,yes,no,no,,,yes,yes,yes,06/21/2020 05:31:00 PM,40.769016,-73.963219,8,4,120,1042507,1014040051,Upper East Side-Carnegie Hill
11353,{A7A4575C-8A52-4A8B-8FFA-8FA5FE787A16},both,JOE COFFEE COMPANY,JAGR TWO LLC,JOE COFFEE COMPANY,undefined,25 EAST   26 STREET,Manhattan,10010,"25 EAST   26 STREET, Manhattan, NY",50096529,40,4,160,40,8,320,yes,yes,yes,Jul-69,OP,yes,yes,yes,10/19/2020 11:13:00 AM,40.742949,-73.98699,5,2,56,1016881,1008560058,Hudson Yards-Chelsea-Flatiron-Union Square
655,18474850-f3cd-472c-8a6b-ebc398957ec2,roadway,Laughing Man Coffee,"LM coffee & tea, llc",Laughing Man Coffee,184,Duane Street,Manhattan,10013,"184  Duane Street, Manhattan, NY",N/A,,,,28,6,168,no,yes,no,,,yes,yes,yes,06/19/2020 01:27:00 PM,40.717403,-74.010245,1,1,39,1075718,1001417502,SoHo-TriBeCa-Civic Center-Little Italy
6277,{EDFA052A-9FE1-4192-87B2-64532FE2366F},roadway,Prodigy Coffee,Harlem Roasting Company llc,Prodigy Coffee,33,Carmine Street,Manhattan,10014,"33 Carmine Street, Manhattan, NY",50072863,,,,12,6,72,no,yes,no,,,yes,yes,yes,06/29/2020 12:18:00 PM,40.730098,-74.003215,2,3,67,1083520,1005860032,West Village
7513,{1CEBC1AE-72CB-466F-8082-F2BD8369D982},roadway,Variety Coffee Roasters,Variety Cafe Inc.,Variety Cafe Inc.,1269,Lexington Ave,Manhattan,10028,"1269 Lexington Ave, Manhattan, NY",50075750,,,,16,8,128,no,yes,no,,,no,,yes,07/07/2020 10:42:00 AM,40.779092,-73.95587,8,5,14801,1088463,1015147502,Upper East Side-Carnegie Hill
5937,{D55B233D-87F9-46E7-80EB-52C40BB71D79},both,Oren's Daily Roast aka Oren's Coffee,Icon Coffee Co.,Oren's Daily Roast,985,Lexington Ave,Manhattan,10021,"985 Lexington Ave, Manhattan, NY",50089600,40,6,240,40,8,320,yes,yes,no,,,no,,yes,06/27/2020 01:05:00 AM,40.769839,-73.96262,8,4,128,1042807,1014060021,Upper East Side-Carnegie Hill
7237,{51EC2A17-BAE8-4A96-85C5-511244540F21},both,Idlewild Coffee Co.,Idlewild Coffee Co. LLC,Idlewild Coffee Co.,300,E 5th St,Manhattan,10003,"300 E 5th St, Manhattan, NY",0,12,5,60,12,8,96,yes,yes,no,,,no,,yes,07/04/2020 11:48:00 AM,40.726623,-73.988632,3,2,38,1006205,1004460008,East Village
6310,{56770476-447B-44CD-828A-35AF48FCA939},both,Handcraft Coffee,77th Street coffee shop inc,Handcraft Coffee,151,E. 77,Manhattan,10075,"151 E. 77, Manhattan, NY",50057298,20,15,300,20,7,140,yes,yes,no,,,no,,yes,06/29/2020 01:30:00 PM,40.773428,-73.959329,8,4,140,1043195,1014120022,Upper East Side-Carnegie Hill
916,48b85118-457e-4d70-8bf3-8ecc35e4de36,sidewalk,Gregorys Coffee,1273 First Coffee and Bakery LLC,1273 First Coffee and Bakery LLC,1273,First Avenue,Manhattan,10065,"1273 First Avenue, Manhattan, NY",50048645,16,7,112,,,,yes,no,no,,,no,,yes,06/19/2020 02:25:00 PM,40.765616,-73.957608,8,5,118,1044760,1014430027,Lenox Hill-Roosevelt Island
9027,{099B8153-6C17-49B4-8C9A-C019D5ABBE15},sidewalk,Black Fox Coffee,Black Fox Coffee 70 Pine LLC,Black Fox Coffee,70,Pine Street,Manhattan,10005,"70 Pine Street, Manhattan, NY",50094234,20,4,80,,,,yes,no,no,,,yes,yes,yes,07/21/2020 11:15:00 AM,40.706315,-74.007895,1,1,7,1001007,1000417504,Battery Park City-Lower Manhattan
1391,b2b575ca-6636-4014-8ced-72903cffad8c,both,Kona Coffee and Company,Kona Coffee and Company Inc,Kona Coffee and Company,57,2nd ave,Manhattan,10003,"57 2nd ave, Manhattan, NY",50069763,200,10,2000,200,8,1600,yes,yes,no,,,yes,yes,yes,06/19/2020 04:21:00 PM,40.7258,-73.989725,3,2,38,1006576,1004590032,East Village
9504,{981471FC-C55C-425A-86CE-396F2F146096},roadway,Joe Coffee Waverly,JAGR LLC,JAGR LLC,141,Waverly Place,Manhattan,10014,"141  Waverly Place, Manhattan, NY",40957726,,,,8,4,32,no,yes,no,,,yes,yes,yes,07/29/2020 11:25:00 AM,40.7332,-74.000599,2,3,71,1010261,1005930003,West Village
9548,{2871D07F-7BBF-4A89-8CDB-283E23ECAA29},sidewalk,Gregorys Coffee,356 Coffee and Bakery LLC,356 Coffee and Bakery LLC,356,7th Avenue,Manhattan,10001,"356 7th Avenue, Manhattan, NY",50042803,25,15,375,,,,yes,no,no,,,no,,yes,07/30/2020 11:08:00 AM,40.748293,-73.992601,5,3,95,1014292,1007790043,Midtown-Midtown South
1707,244f1310-abc0-4c59-8913-7fadc0a05064,both,Dear Mama Coffee,Panama Hat Roasters LLC,Dear Mama Coffee,308,East 109th Street,Manhattan,10029,"308 East 109th Street, Manhattan, NY",50050972,12,6,72,20,8,160,yes,yes,yes,1296419,TW,no,,yes,06/19/2020 06:17:00 PM,40.792337,-73.940545,11,8,170,1089783,1016800148,East Harlem South
1128,5b75d28b-7fd5-4440-8d58-f8ae1d4e4599,sidewalk,Daniels Coffee and more,DKL ENTERPRISES LLC,Daniels Coffee and More,1050,3rd ave,Manhattan,10065,"1050  3rd ave, Manhattan, NY",50104383,8,3,24,,,,yes,no,no,,,no,,yes,06/19/2020 03:12:00 PM,40.76353,-73.965154,8,4,11402,1042050,1013970033,Upper East Side-Carnegie Hill
8426,{38A95F68-069B-4FED-82CE-D6B9D51FCF62},sidewalk,Gregorys Coffee,880 Third Coffee and Bakery LLC,880 Third Coffee and Bakery LLC,880,Third Avenue,Manhattan,10022,"880 Third Avenue, Manhattan, NY",50066298,20,15,300,,,,yes,no,no,,,no,,yes,07/15/2020 10:27:00 AM,40.75791,-73.969254,6,4,100,1036473,1013080033,Turtle Bay-East Midtown
5020,{7EC8C9E0-51C0-4D25-8D15-E8C446207AB5},both,REMI FLOWER COFFEE,JM FLOWER CORP,REMI FLOWER & COFFEE,906,2ND AVE,Manhattan,10017,"906 2ND AVE, Manhattan, NY",50066881,44,10,440,22,8,176,yes,yes,no,,,no,,yes,06/24/2020 04:22:00 PM,40.753804,-73.969292,6,4,90,1038916,1013410001,Turtle Bay-East Midtown
8588,{923B9831-CB06-49C1-8E7F-E92ECF308794},both,Brooklyn Bagel & Coffee Company,286 Bagel Corp.,Brooklyn Bagel & Coffee Company,286,8th Avenue,Manhattan,10001,"286 8th Avenue, Manhattan, NY",41298537,20,15,300,20,8,160,yes,yes,no,,,no,,yes,07/16/2020 12:58:00 PM,40.746207,-73.997809,4,3,91,1014168,1007740004,Hudson Yards-Chelsea-Flatiron-Union Square
6357,{D9374623-8AD7-4DF6-8EC5-F8DA1F3CF956},sidewalk,Partners Coffee,Toby's Coffee West Village LLC,Toby's Coffee West Village LLC,44,Charles Street,Manhattan,10014,"44 Charles Street, Manhattan, NY",50016203,35,15,525,,,,yes,no,no,,,no,,yes,06/29/2020 03:18:00 PM,40.735014,-74.002295,2,3,73,1010829,1006110016,West Village
6525,{AA197460-629D-4E9B-8291-D4D45B7EDD36},sidewalk,Kuro Kuma Espresso & Coffee,"Jack Of Hearts Coffee, LLC",Kuro Kuma Espresso & Coffee,121,La Salle Street,Manhattan,10027,"121 La Salle Street, Manhattan, NY",41672484,16,6,96,,,,yes,no,no,,,no,,yes,06/30/2020 12:23:00 PM,40.814015,-73.960236,9,7,211,1059849,1019930073,Morningside Heights
8340,{34FF3170-1916-41E6-85AF-01500F618F27},sidewalk,Starbucks Coffee Company,Starbucks Coffee Company,Starbucks Coffee Company,684,6th ave,Manhattan,10010,"684  6th ave , Manhattan, NY",40560440,12,16,192,,,,yes,no,no,,,no,,yes,07/14/2020 02:29:00 PM,40.741925,-73.993504,5,3,58,1015557,1008230083,Hudson Yards-Chelsea-Flatiron-Union Square
3607,{e1a7f50f-81ad-404e-826e-fba464d566ae},both,Grace Street Coffee and Desserts,Grace 410 Inc,Grace Street Coffee and Desserts,17,West 32nd St.,Manhattan,10001,"17 West 32nd St., Manhattan, NY",50001398,30,4,120,30,8,240,yes,yes,no,,,yes,yes,yes,06/22/2020 01:42:00 PM,40.747466,-73.98621,5,4,76,1015849,1008340029,Midtown-Midtown South
1196,03a8777c-0f1d-4d2d-884a-86519b96bbb9,sidewalk,Gregorys Coffee,630 9th Coffee and Bakery LLC,630 9th Coffee and Bakery LLC,630,9th Ave,Manhattan,10036,"630 9th Ave, Manhattan, NY",50066289,15,7,105,,,,yes,no,no,,,no,,yes,06/19/2020 03:28:00 PM,40.760038,-73.991449,4,3,121,1024982,1010350001,Clinton
8999,{CFB62270-B687-412B-8AC6-69875AB8A2AD},sidewalk,Gregorys Coffee,485 Madison Coffee and Bakery LLC,485 Madison Coffee and Bakery LLC,485,Madison Ave,Manhattan,10022,"485 Madison Ave, Manhattan, NY",50059251,40,15,600,,,,yes,no,no,,,no,,yes,07/20/2020 05:26:00 PM,40.758825,-73.974877,5,4,102,1035474,1012870052,Midtown-Midtown South
9381,{5B6C8C5A-E440-4FF6-8635-E6070EB3E4EC},roadway,Joe Coffee Company,JAGR Three LLC,JAGR Three LLC,514,Columbus Avenue,Manhattan,10024,"514 Columbus Avenue, Manhattan, NY",41399812,,,,7,3,21,no,yes,no,,,no,,yes,07/27/2020 10:46:00 AM,40.785616,-73.972823,7,6,169,1032130,1012150033,Upper West Side
8466,{7CB15CE3-2164-4FE3-8B8F-6F0CEFA9E22A},sidewalk,Ralph's Coffee,Ralph Lauren Retail Inc.,Ralph Lauren Retail Inc.,888,Madison Avenue,Manhattan,10022,"888 Madison Avenue, Manhattan, NY",50086308,20,5,100,,,,yes,no,no,,,no,,yes,07/15/2020 03:24:00 PM,40.77163,-73.965557,8,4,130,1041371,1013860056,Upper East Side-Carnegie Hill
607,ff0d04ef-1d9a-47d6-8f20-8bdbdbce2792,sidewalk,le cafe coffee,le cafe coffee llc,le cafe coffee llc,145,fourth av,Manhattan,10003,"145 fourth av, Manhattan, NY",50042698,10,10,100,,,,yes,no,no,,,no,,yes,06/19/2020 01:19:00 PM,40.733916,-73.989872,3,2,42,1077569,1005590009,East Village
10903,{BDD3834D-416C-42AB-86E7-F64BF185BFB9},both,ANDREWS COFFEE SHOP,ANDREWS THIRTY-FIFTH STREET COFFEE SHOP INC.,ANDREWS COFFEE SHOP,undefined,463 7 AVENUE,Manhattan,10018,"463 7 AVENUE, Manhattan, NY",40378579,40,8,320,40,8,320,yes,yes,yes,May-40,RW,no,,yes,09/09/2020 02:19:00 PM,40.751749,-73.990057,5,3,109,1015222,1008110001,Midtown-Midtown South
11476,{26AC29E5-BACB-44EB-874D-48562A9FCA4E},sidewalk,GREGORYS COFFEE,GC COFFEE LLC,GREGORYS COFFEE,undefined,551 FASHION AVENUE,Manhattan,10018,"551 FASHION AVENUE, Manhattan, NY",50051064,30,15,450,,,,yes,no,no,,,no,,yes,11/05/2020 01:10:00 PM,40.75446,-73.988085,5,3,113,1015275,1008150001,Midtown-Midtown South
11082,{5702DAEE-E8F1-4664-8B16-D59E16FEE1A1},sidewalk,D&amp;C COFFEE,D&amp;C COFFEE INC,Daniel & Company Coffee Shop & drinks,undefined,2315 2 AVENUE,Manhattan,10035,"2315 2 AVENUE, Manhattan, NY",50100588,8,20,160,,,,yes,no,no,,,no,,yes,09/23/2020 03:11:00 PM,40.798746,-73.936512,11,8,188,1054533,1017830027,East Harlem North
11800,{BC4F79DB-FA9D-4DDB-8BBC-BB1AFE95DB9F},roadway,NEIL'S COFFEE SHOP,TIHI RESTAURANT CORP,"NICHOLAS C. KALOUDIS MD, PLLC",undefined,961 LEXINGTON AVENUE,Manhattan,10021,"961 LEXINGTON AVENUE, Manhattan, NY",41024987,,,,20,6,120,no,yes,no,,,yes,yes,yes,01/23/2021 05:11:00 PM,40.769016,-73.963219,8,4,120,1042507,1014040051,Upper East Side-Carnegie Hill
10845,{C437550B-26D5-44B5-88B6-424D96152F44},both,KING'S STREET COFFEE,KING'S STREET COFFEE INC,KING'S STREET COFFEE,undefined,121 WEST   30 STREET,Manhattan,10001,"121 WEST   30 STREET, Manhattan, NY",50070551,18,5,90,18,8,144,yes,yes,no,,,no,,yes,09/03/2020 09:36:00 PM,40.747634,-73.990443,5,3,101,1015161,1008060026,Midtown-Midtown South
6742,{210DD074-6502-461A-8B9A-5FD1CF483500},both,ludlow coffee supply,Ludlow Coffee Supply LLC,Ludlow Coffee Supply LLC,176,ludlow,Manhattan,10002,"176 ludlow, Manhattan, NY",50051274,20,15,300,20,8,160,yes,yes,yes,Oct-60,TW,no,,yes,07/01/2020 03:09:00 PM,40.721721,-73.987514,3,1,3001,1005417,1004120046,Chinatown
11360,{69077BEF-D9C6-424B-8A17-9D3119B7F72A},both,RALPH'S COFFEE,RALPH LAUREN RETAIL INC,RALPH'S COFFEE,undefined,888 MADISON AVENUE,Manhattan,10021,"888 MADISON AVENUE, Manhattan, NY",50086308,60,15,900,30,8,240,yes,yes,no,,,no,,yes,10/19/2020 05:25:00 PM,40.77163,-73.965557,8,4,130,1041371,1013860056,Upper East Side-Carnegie Hill
10642,{7609116F-E417-456A-81CB-6EC757649A85},both,GRIND NYC COFFEE SHOP,AGIOS MARKOS CORPORATION,GRIND NYC COFFEE SHOP,undefined,602 9 AVENUE,Manhattan,10036,"602 9 AVENUE, Manhattan, NY",50105604,40,12,480,40,8,320,yes,yes,no,,,no,,yes,08/26/2020 09:04:00 AM,40.759195,-73.992062,4,3,121,1024957,1010340001,Clinton
11075,{0EC53768-1F43-4FE4-80B7-8CC2132E0CF9},sidewalk,BEST BAGEL &amp; COFFEE,BEST BAGEL &amp; COFFEE LLC,BEST BAGEL &amp; COFFEE,undefined,225 WEST   35 STREET,Manhattan,10001,"225 WEST   35 STREET, Manhattan, NY",50071474,20,2,40,,,,yes,no,no,,,no,,yes,09/23/2020 12:28:00 PM,40.752051,-73.991042,5,3,109,1014427,1007850025,Midtown-Midtown South
6910,{831CDE01-60F5-4088-8238-5A2302F64520},roadway,Blank Slate Coffee + Kitchen NoMad,Nomad Kitchen LLC,Blank Slate Coffee + Kitchen,121,Madison Avenue,Manhattan,10016,"121 Madison Avenue, Manhattan, NY",50042774,,,,45,8,360,no,yes,yes,Dec-26,RW,no,,yes,07/02/2020 12:05:00 PM,40.745405,-73.984662,5,2,74,1016958,1008600022,Midtown-Midtown South
10645,{3F853C0F-ED0D-4063-84F7-062BD3122D12},both,BLUE BOTTLE COFFEE,"BLUE BOTTLE COFFEE, INC",BLUE BOTTLE COFFEE,undefined,20 BROAD STREET,Manhattan,10005,"20 BROAD STREET, Manhattan, NY",50104404,20,4,80,20,8,160,yes,yes,no,,,yes,yes,yes,08/26/2020 10:45:00 AM,40.706553,-74.011033,1,1,7,1000816,1000230050,Battery Park City-Lower Manhattan
11477,{29DA21D8-19EA-4723-8157-1D02FEC376AC},sidewalk,GREGORYS COFFEE,485 LEXINGTON COFFEE AND BAKERY LLC,GREGORYS COFFEE,undefined,485 LEXINGTON AVENUE,Manhattan,10017,"485 LEXINGTON AVENUE, Manhattan, NY",50066295,20,15,300,,,,yes,no,no,,,no,,yes,11/05/2020 01:14:00 PM,40.754244,-73.973994,6,4,92,1036206,1013010023,Turtle Bay-East Midtown
10674,{004EE3D4-72CA-453B-8800-A6AE77862F4B},roadway,SALTWATER COFFEE,SALTWATERNYC2 LLC,SALTWATER COFFEE,undefined,126 WAVERLY PLACE,Manhattan,10011,"126 WAVERLY PLACE, Manhattan, NY",50102396,,,,20,8,160,no,yes,no,,,yes,yes,yes,08/27/2020 10:43:00 AM,40.732722,-73.999664,2,1,65,1008904,1005527501,West Village
11231,{2C128B28-7510-4DD6-854F-96F85BC65E17},sidewalk,GREGORY'S COFFEE,80 broad coffee and bakery llc,GREGORY'S COFFEE,undefined,80 BROAD STREET,Manhattan,10004,"80 BROAD STREET, Manhattan, NY",50010387,30,20,600,,,,yes,no,no,,,no,,yes,10/05/2020 09:35:00 AM,40.704322,-74.011581,1,1,9,1000038,1000110021,Battery Park City-Lower Manhattan
11295,{793F0C68-BBBB-4012-87CB-D4C385F16115},roadway,THE LAZY LLAMA COFFEE BAR,THE LAZY LLAMA LLC,THE LAZY LLAMA COFFEE BAR,undefined,72 EAST    1 STREET,Manhattan,10003,"72 EAST    1 STREET, Manhattan, NY",50045070,,,,20,8,160,no,yes,no,,,no,,yes,10/09/2020 03:35:00 PM,40.723384,-73.988701,3,2,3602,1079099,1004437503,East Village
11475,{ABFE92C3-C5E0-40C3-86B4-FE11A3FD7E01},roadway,GREGORYS COFFEE,485 LEXINGTON COFFEE AND BAKERY LLC,GREGORYS COFFEE,undefined,485 LEXINGTON AVENUE,Manhattan,10017,"485 LEXINGTON AVENUE, Manhattan, NY",50066295,,,,20,8,160,no,yes,no,,,no,,yes,11/05/2020 12:56:00 PM,40.754244,-73.973994,6,4,92,1036206,1013010023,Turtle Bay-East Midtown
11020,{FF592CD8-0987-4F7F-8F30-95A9252D333C},roadway,JOE COFFEE,JAGR THREE LLC,JOE COFFEE,undefined,1045 LEXINGTON AVENUE,Manhattan,10021,"1045 LEXINGTON AVENUE, Manhattan, NY",41634340,,,,20,8,160,no,yes,no,,,no,,yes,09/17/2020 03:12:00 PM,40.772073,-73.96099,8,4,128,1043101,1014090053,Upper East Side-Carnegie Hill
12755,{AE599079-0F4C-42F0-8663-59CA17E5B8CF},sidewalk,Ademi Tea &amp; Coffee,ADEMIFY LLC,Ademi Tea & Coffee,undefined,465 BROOME STREET,Manhattan,10013,"465 BROOME STREET, Manhattan, NY",50112510,5,5,25,,,,yes,no,no,,,yes,yes,yes,08/11/2021 03:17:00 PM,40.722457,-74.001223,2,1,47,1007033,1004747508,SoHo-TriBeCa-Civic Center-Little Italy
10856,{32B94A38-F33C-44A6-8498-CA4A55B9EC84},sidewalk,LUCILLE'S COFFEE AND COCKTAILS,"LUCILLE'S COFFEE AND COCKTAILS, LLC",LUCILLE'S COFFEE AND COCKTAILS,undefined,26 MACOMBS PLACE,Manhattan,10039,"26 MACOMBS PLACE, Manhattan, NY",50088024,24,8,192,,,,yes,no,yes,Nov-88,OP,no,,yes,09/04/2020 05:02:00 PM,40.826162,-73.938794,10,9,236,1060586,1020360001,Central Harlem North-Polo Grounds
12254,{994AE6CB-119C-4B78-8B03-D60752A8F790},roadway,BIRCH COFFEE,"Grounds Control to Major Tom, LLC",Birch Coffee,undefined,134 1/2 EAST   62 STREET,Manhattan,10065,"134 1/2 EAST   62 STREET, Manhattan, NY",50012309,,,,12,8,96,no,yes,no,,,no,,yes,04/15/2021 03:43:00 PM,,,,,,,,
