DBN,School Name,Grade,Year,Category,Number Tested,Mean Scale Score,# Level 1,% Level 1,# Level 2,% Level 2,# Level 3,% Level 3,# Level 4,% Level 4,# Level 3+4,% Level 3+4
01M015,P.S. 015 ROBERTO CLEMENTE,3,2013,Not SWD,19,287,11,57.9,8,42.1,0,0.0,0,0.0,0,0.0
01M015,P.S. 015 ROBERTO CLEMENTE,3,2014,Not SWD,12,290,6,50.0,6,50.0,0,0.0,0,0.0,0,0.0
01M015,P.S. 015 ROBERTO CLEMENTE,3,2015,Not SWD,8,285,4,50.0,3,37.5,1,12.5,0,0.0,1,12.5
01M015,P.S. 015 ROBERTO CLEMENTE,3,2016,Not SWD,11,304,3,27.3,4,36.4,4,36.4,0,0.0,4,36.4
01M015,P.S. 015 ROBERTO CLEMENTE,3,2017,Not SWD,21,311,5,23.8,7,33.3,7,33.3,2,9.5,9,42.9
01M015,P.S. 015 ROBERTO CLEMENTE,3,2018,Not SWD,15,s,s,s,s,s,s,s,s,s,s,s
01M015,P.S. 015 ROBERTO CLEMENTE,3,2019,Not SWD,22,s,s,s,s,s,s,s,s,s,s,s
01M015,P.S. 015 ROBERTO CLEMENTE,4,2013,Not SWD,12,299,1,8.3,10,83.3,1,8.3,0,0.0,1,8.3
01M015,P.S. 015 ROBERTO CLEMENTE,4,2014,Not SWD,17,282,9,52.9,7,41.2,1,5.9,0,0.0,1,5.9
01M015,P.S. 015 ROBERTO CLEMENTE,4,2015,Not SWD,12,s,s,s,s,s,s,s,s,s,s,s
01M015,P.S. 015 ROBERTO CLEMENTE,4,2016,Not SWD,8,302,2,25.0,4,50.0,2,25.0,0,0.0,2,25.0
01M015,P.S. 015 ROBERTO CLEMENTE,4,2017,Not SWD,15,316,1,6.7,7,46.7,6,40.0,1,6.7,7,46.7
01M015,P.S. 015 ROBERTO CLEMENTE,4,2018,Not SWD,21,s,s,s,s,s,s,s,s,s,s,s
01M015,P.S. 015 ROBERTO CLEMENTE,4,2019,Not SWD,13,s,s,s,s,s,s,s,s,s,s,s
01M015,P.S. 015 ROBERTO CLEMENTE,5,2013,Not SWD,18,293,7,38.9,10,55.6,1,5.6,0,0.0,1,5.6
01M015,P.S. 015 ROBERTO CLEMENTE,5,2014,Not SWD,13,281,8,61.5,4,30.8,0,0.0,1,7.7,1,7.7
01M015,P.S. 015 ROBERTO CLEMENTE,5,2015,Not SWD,15,287,8,53.3,6,40.0,1,6.7,0,0.0,1,6.7
01M015,P.S. 015 ROBERTO CLEMENTE,5,2016,Not SWD,10,301,4,40.0,3,30.0,3,30.0,0,0.0,3,30.0
01M015,P.S. 015 ROBERTO CLEMENTE,5,2017,Not SWD,9,308,0,0.0,7,77.8,2,22.2,0,0.0,2,22.2
01M015,P.S. 015 ROBERTO CLEMENTE,5,2018,Not SWD,15,605,4,26.7,4,26.7,4,26.7,3,20.0,7,46.7
01M015,P.S. 015 ROBERTO CLEMENTE,5,2019,Not SWD,21,s,s,s,s,s,s,s,s,s,s,s
01M015,P.S. 015 ROBERTO CLEMENTE,All Grades,2013,Not SWD,49,292,19,38.8,28,57.1,2,4.1,0,0.0,2,4.1
01M015,P.S. 015 ROBERTO CLEMENTE,All Grades,2014,Not SWD,42,284,23,54.8,17,40.5,1,2.4,1,2.4,2,4.8
01M015,P.S. 015 ROBERTO CLEMENTE,All Grades,2015,Not SWD,35,289,14,40.0,19,54.3,2,5.7,0,0.0,2,5.7
01M015,P.S. 015 ROBERTO CLEMENTE,All Grades,2016,Not SWD,29,302,9,31.0,11,37.9,9,31.0,0,0.0,9,31.0
01M015,P.S. 015 ROBERTO CLEMENTE,All Grades,2017,Not SWD,45,312,6,13.3,21,46.7,15,33.3,3,6.7,18,40.0
01M015,P.S. 015 ROBERTO CLEMENTE,All Grades,2018,Not SWD,51,610,4,7.8,14,27.5,22,43.1,11,21.6,33,64.7
01M015,P.S. 015 ROBERTO CLEMENTE,All Grades,2019,Not SWD,56,607,6,10.7,13,23.2,28,50.0,9,16.1,37,66.1
01M015,P.S. 015 ROBERTO CLEMENTE,3,2013,SWD,8,294,3,37.5,3,37.5,2,25.0,0,0.0,2,25.0
01M015,P.S. 015 ROBERTO CLEMENTE,3,2014,SWD,6,275,4,66.7,2,33.3,0,0.0,0,0.0,0,0.0
01M015,P.S. 015 ROBERTO CLEMENTE,3,2015,SWD,8,279,5,62.5,2,25.0,1,12.5,0,0.0,1,12.5
01M015,P.S. 015 ROBERTO CLEMENTE,3,2016,SWD,9,278,7,77.8,2,22.2,0,0.0,0,0.0,0,0.0
01M015,P.S. 015 ROBERTO CLEMENTE,3,2017,SWD,6,273,5,83.3,1,16.7,0,0.0,0,0.0,0,0.0
01M015,P.S. 015 ROBERTO CLEMENTE,3,2018,SWD,5,s,s,s,s,s,s,s,s,s,s,s
01M015,P.S. 015 ROBERTO CLEMENTE,3,2019,SWD,5,s,s,s,s,s,s,s,s,s,s,s
01M015,P.S. 015 ROBERTO CLEMENTE,4,2013,SWD,8,246,7,87.5,1,12.5,0,0.0,0,0.0,0,0.0
01M015,P.S. 015 ROBERTO CLEMENTE,4,2014,SWD,7,287,4,57.1,3,42.9,0,0.0,0,0.0,0,0.0
01M015,P.S. 015 ROBERTO CLEMENTE,4,2015,SWD,4,s,s,s,s,s,s,s,s,s,s,s
01M015,P.S. 015 ROBERTO CLEMENTE,4,2016,SWD,7,294,3,42.9,3,42.9,1,14.3,0,0.0,1,14.3
01M015,P.S. 015 ROBERTO CLEMENTE,4,2017,SWD,8,310,0,0.0,5,62.5,3,37.5,0,0.0,3,37.5
01M015,P.S. 015 ROBERTO CLEMENTE,4,2018,SWD,5,s,s,s,s,s,s,s,s,s,s,s
01M015,P.S. 015 ROBERTO CLEMENTE,4,2019,SWD,5,s,s,s,s,s,s,s,s,s,s,s
01M015,P.S. 015 ROBERTO CLEMENTE,5,2013,SWD,6,258,5,83.3,1,16.7,0,0.0,0,0.0,0,0.0
01M015,P.S. 015 ROBERTO CLEMENTE,5,2014,SWD,8,248,7,87.5,1,12.5,0,0.0,0,0.0,0,0.0
01M015,P.S. 015 ROBERTO CLEMENTE,5,2015,SWD,9,272,6,66.7,3,33.3,0,0.0,0,0.0,0,0.0
01M015,P.S. 015 ROBERTO CLEMENTE,5,2016,SWD,6,267,4,66.7,2,33.3,0,0.0,0,0.0,0,0.0
01M015,P.S. 015 ROBERTO CLEMENTE,5,2017,SWD,8,313,1,12.5,4,50.0,3,37.5,0,0.0,3,37.5
01M015,P.S. 015 ROBERTO CLEMENTE,5,2018,SWD,6,611,1,16.7,1,16.7,2,33.3,2,33.3,4,66.7
01M015,P.S. 015 ROBERTO CLEMENTE,5,2019,SWD,4,s,s,s,s,s,s,s,s,s,s,s
01M015,P.S. 015 ROBERTO CLEMENTE,All Grades,2013,SWD,22,267,15,68.2,5,22.7,2,9.1,0,0.0,2,9.1
01M015,P.S. 015 ROBERTO CLEMENTE,All Grades,2014,SWD,21,269,15,71.4,6,28.6,0,0.0,0,0.0,0,0.0
01M015,P.S. 015 ROBERTO CLEMENTE,All Grades,2015,SWD,21,273,14,66.7,6,28.6,1,4.8,0,0.0,1,4.8
01M015,P.S. 015 ROBERTO CLEMENTE,All Grades,2016,SWD,22,280,14,63.6,7,31.8,1,4.5,0,0.0,1,4.5
01M015,P.S. 015 ROBERTO CLEMENTE,All Grades,2017,SWD,22,301,6,27.3,10,45.5,6,27.3,0,0.0,6,27.3
01M015,P.S. 015 ROBERTO CLEMENTE,All Grades,2018,SWD,16,610,1,6.3,3,18.8,9,56.3,3,18.8,12,75.0
01M015,P.S. 015 ROBERTO CLEMENTE,All Grades,2019,SWD,14,599,1,7.1,8,57.1,5,35.7,0,0.0,5,35.7
01M019,P.S. 019 ASHER LEVY,3,2013,Not SWD,30,s,s,s,s,s,s,s,s,s,s,s
01M019,P.S. 019 ASHER LEVY,3,2014,Not SWD,25,318,3,12.0,8,32.0,13,52.0,1,4.0,14,56.0
01M019,P.S. 019 ASHER LEVY,3,2015,Not SWD,24,s,s,s,s,s,s,s,s,s,s,s
01M019,P.S. 019 ASHER LEVY,3,2016,Not SWD,29,s,s,s,s,s,s,s,s,s,s,s
01M019,P.S. 019 ASHER LEVY,3,2017,Not SWD,25,s,s,s,s,s,s,s,s,s,s,s
01M019,P.S. 019 ASHER LEVY,3,2018,Not SWD,25,604,2,8.0,9,36.0,12,48.0,2,8.0,14,56.0
01M019,P.S. 019 ASHER LEVY,3,2019,Not SWD,18,611,0,0.0,3,16.7,14,77.8,1,5.6,15,83.3
01M019,P.S. 019 ASHER LEVY,4,2013,Not SWD,31,293,13,41.9,14,45.2,4,12.9,0,0.0,4,12.9
01M019,P.S. 019 ASHER LEVY,4,2014,Not SWD,27,317,1,3.7,14,51.9,8,29.6,4,14.8,12,44.4
01M019,P.S. 019 ASHER LEVY,4,2015,Not SWD,24,316,1,4.2,11,45.8,10,41.7,2,8.3,12,50.0
01M019,P.S. 019 ASHER LEVY,4,2016,Not SWD,25,s,s,s,s,s,s,s,s,s,s,s
01M019,P.S. 019 ASHER LEVY,4,2017,Not SWD,30,s,s,s,s,s,s,s,s,s,s,s
01M019,P.S. 019 ASHER LEVY,4,2018,Not SWD,27,s,s,s,s,s,s,s,s,s,s,s
01M019,P.S. 019 ASHER LEVY,4,2019,Not SWD,26,599,3,11.5,11,42.3,8,30.8,4,15.4,12,46.2
01M019,P.S. 019 ASHER LEVY,5,2013,Not SWD,28,309,2,7.1,18,64.3,8,28.6,0,0.0,8,28.6
01M019,P.S. 019 ASHER LEVY,5,2014,Not SWD,23,305,5,21.7,12,52.2,5,21.7,1,4.3,6,26.1
01M019,P.S. 019 ASHER LEVY,5,2015,Not SWD,24,s,s,s,s,s,s,s,s,s,s,s
01M019,P.S. 019 ASHER LEVY,5,2016,Not SWD,24,326,0,0.0,8,33.3,9,37.5,7,29.2,16,66.7
01M019,P.S. 019 ASHER LEVY,5,2017,Not SWD,23,s,s,s,s,s,s,s,s,s,s,s
01M019,P.S. 019 ASHER LEVY,5,2018,Not SWD,28,615,1,3.6,6,21.4,11,39.3,10,35.7,21,75.0
01M019,P.S. 019 ASHER LEVY,5,2019,Not SWD,21,s,s,s,s,s,s,s,s,s,s,s
01M019,P.S. 019 ASHER LEVY,All Grades,2013,Not SWD,89,303,23,25.8,48,53.9,16,18.0,2,2.2,18,20.2
01M019,P.S. 019 ASHER LEVY,All Grades,2014,Not SWD,75,314,9,12.0,34,45.3,26,34.7,6,8.0,32,42.7
01M019,P.S. 019 ASHER LEVY,All Grades,2015,Not SWD,72,314,10,13.9,30,41.7,26,36.1,6,8.3,32,44.4
01M019,P.S. 019 ASHER LEVY,All Grades,2016,Not SWD,78,325,2,2.6,28,35.9,35,44.9,13,16.7,48,61.5
01M019,P.S. 019 ASHER LEVY,All Grades,2017,Not SWD,78,320,5,6.4,31,39.7,28,35.9,14,17.9,42,53.8
01M019,P.S. 019 ASHER LEVY,All Grades,2018,Not SWD,80,606,8,10.0,24,30.0,33,41.3,15,18.8,48,60.0
01M019,P.S. 019 ASHER LEVY,All Grades,2019,Not SWD,65,606,4,6.2,20,30.8,31,47.7,10,15.4,41,63.1
01M019,P.S. 019 ASHER LEVY,3,2013,SWD,5,s,s,s,s,s,s,s,s,s,s,s
01M019,P.S. 019 ASHER LEVY,3,2014,SWD,10,269,7,70.0,2,20.0,1,10.0,0,0.0,1,10.0
01M019,P.S. 019 ASHER LEVY,3,2015,SWD,4,s,s,s,s,s,s,s,s,s,s,s
01M019,P.S. 019 ASHER LEVY,3,2016,SWD,4,s,s,s,s,s,s,s,s,s,s,s
01M019,P.S. 019 ASHER LEVY,3,2017,SWD,3,s,s,s,s,s,s,s,s,s,s,s
01M019,P.S. 019 ASHER LEVY,3,2018,SWD,8,595,1,12.5,4,50.0,3,37.5,0,0.0,3,37.5
01M019,P.S. 019 ASHER LEVY,3,2019,SWD,6,593,0,0.0,5,83.3,1,16.7,0,0.0,1,16.7
01M019,P.S. 019 ASHER LEVY,4,2013,SWD,10,254,7,70.0,3,30.0,0,0.0,0,0.0,0,0.0
01M019,P.S. 019 ASHER LEVY,4,2014,SWD,7,277,6,85.7,1,14.3,0,0.0,0,0.0,0,0.0
01M019,P.S. 019 ASHER LEVY,4,2015,SWD,8,273,3,37.5,4,50.0,1,12.5,0,0.0,1,12.5
01M019,P.S. 019 ASHER LEVY,4,2016,SWD,4,s,s,s,s,s,s,s,s,s,s,s
01M019,P.S. 019 ASHER LEVY,4,2017,SWD,2,s,s,s,s,s,s,s,s,s,s,s
01M019,P.S. 019 ASHER LEVY,4,2018,SWD,4,s,s,s,s,s,s,s,s,s,s,s
01M019,P.S. 019 ASHER LEVY,4,2019,SWD,6,600,1,16.7,1,16.7,4,66.7,0,0.0,4,66.7
01M019,P.S. 019 ASHER LEVY,5,2013,SWD,8,284,5,62.5,2,25.0,1,12.5,0,0.0,1,12.5
01M019,P.S. 019 ASHER LEVY,5,2014,SWD,11,262,9,81.8,2,18.2,0,0.0,0,0.0,0,0.0
01M019,P.S. 019 ASHER LEVY,5,2015,SWD,5,s,s,s,s,s,s,s,s,s,s,s
01M019,P.S. 019 ASHER LEVY,5,2016,SWD,8,268,5,62.5,2,25.0,1,12.5,0,0.0,1,12.5
01M019,P.S. 019 ASHER LEVY,5,2017,SWD,4,s,s,s,s,s,s,s,s,s,s,s
01M019,P.S. 019 ASHER LEVY,5,2019,SWD,5,s,s,s,s,s,s,s,s,s,s,s
01M019,P.S. 019 ASHER LEVY,All Grades,2013,SWD,23,270,15,65.2,7,30.4,1,4.3,0,0.0,1,4.3
01M019,P.S. 019 ASHER LEVY,All Grades,2014,SWD,28,268,22,78.6,5,17.9,1,3.6,0,0.0,1,3.6
01M019,P.S. 019 ASHER LEVY,All Grades,2015,SWD,17,279,9,52.9,6,35.3,2,11.8,0,0.0,2,11.8
01M019,P.S. 019 ASHER LEVY,All Grades,2016,SWD,16,270,12,75.0,2,12.5,1,6.3,1,6.3,2,12.5
01M019,P.S. 019 ASHER LEVY,All Grades,2017,SWD,9,288,3,33.3,3,33.3,3,33.3,0,0.0,3,33.3
01M019,P.S. 019 ASHER LEVY,All Grades,2018,SWD,12,591,3,25.0,6,50.0,3,25.0,0,0.0,3,25.0
01M019,P.S. 019 ASHER LEVY,All Grades,2019,SWD,17,595,3,17.6,9,52.9,5,29.4,0,0.0,5,29.4
01M020,P.S. 020 ANNA SILVER,3,2013,Not SWD,66,301,19,28.8,30,45.5,17,25.8,0,0.0,17,25.8
01M020,P.S. 020 ANNA SILVER,3,2014,Not SWD,78,287,43,55.1,25,32.1,9,11.5,1,1.3,10,12.8
01M020,P.S. 020 ANNA SILVER,3,2015,Not SWD,78,299,25,32.1,27,34.6,22,28.2,4,5.1,26,33.3
01M020,P.S. 020 ANNA SILVER,3,2016,Not SWD,60,317,8,13.3,24,40.0,23,38.3,5,8.3,28,46.7
01M020,P.S. 020 ANNA SILVER,3,2017,Not SWD,71,291,30,42.3,29,40.8,12,16.9,0,0.0,12,16.9
01M020,P.S. 020 ANNA SILVER,3,2018,Not SWD,66,597,11,16.7,28,42.4,24,36.4,3,4.5,27,40.9
01M020,P.S. 020 ANNA SILVER,3,2019,Not SWD,42,599,3,7.1,20,47.6,17,40.5,2,4.8,19,45.2
01M020,P.S. 020 ANNA SILVER,4,2013,Not SWD,55,305,10,18.2,28,50.9,15,27.3,2,3.6,17,30.9
01M020,P.S. 020 ANNA SILVER,4,2014,Not SWD,50,310,7,14.0,24,48.0,14,28.0,5,10.0,19,38.0
01M020,P.S. 020 ANNA SILVER,4,2015,Not SWD,74,298,20,27.0,38,51.4,12,16.2,4,5.4,16,21.6
01M020,P.S. 020 ANNA SILVER,4,2016,Not SWD,59,309,11,18.6,22,37.3,17,28.8,9,15.3,26,44.1
01M020,P.S. 020 ANNA SILVER,4,2017,Not SWD,57,318,8,14.0,19,33.3,15,26.3,15,26.3,30,52.6
01M020,P.S. 020 ANNA SILVER,4,2018,Not SWD,59,601,10,16.9,16,27.1,23,39.0,10,16.9,33,55.9
01M020,P.S. 020 ANNA SILVER,4,2019,Not SWD,64,603,7,10.9,21,32.8,25,39.1,11,17.2,36,56.3
01M020,P.S. 020 ANNA SILVER,5,2013,Not SWD,62,297,21,33.9,32,51.6,8,12.9,1,1.6,9,14.5
01M020,P.S. 020 ANNA SILVER,5,2014,Not SWD,49,306,10,20.4,23,46.9,13,26.5,3,6.1,16,32.7
01M020,P.S. 020 ANNA SILVER,5,2015,Not SWD,44,312,6,13.6,19,43.2,15,34.1,4,9.1,19,43.2
01M020,P.S. 020 ANNA SILVER,5,2016,Not SWD,57,304,18,31.6,22,38.6,15,26.3,2,3.5,17,29.8
01M020,P.S. 020 ANNA SILVER,5,2017,Not SWD,52,s,s,s,s,s,s,s,s,s,s,s
01M020,P.S. 020 ANNA SILVER,5,2018,Not SWD,52,603,17,32.7,14,26.9,11,21.2,10,19.2,21,40.4
01M020,P.S. 020 ANNA SILVER,5,2019,Not SWD,53,602,15,28.3,18,34.0,13,24.5,7,13.2,20,37.7
01M020,P.S. 020 ANNA SILVER,All Grades,2013,Not SWD,183,301,50,27.3,90,49.2,40,21.9,3,1.6,43,23.5
01M020,P.S. 020 ANNA SILVER,All Grades,2014,Not SWD,177,299,60,33.9,72,40.7,36,20.3,9,5.1,45,25.4
01M020,P.S. 020 ANNA SILVER,All Grades,2015,Not SWD,196,302,51,26.0,84,42.9,49,25.0,12,6.1,61,31.1
01M020,P.S. 020 ANNA SILVER,All Grades,2016,Not SWD,176,310,37,21.0,68,38.6,55,31.3,16,9.1,71,40.3
01M020,P.S. 020 ANNA SILVER,All Grades,2017,Not SWD,180,304,49,27.2,71,39.4,39,21.7,21,11.7,60,33.3
01M020,P.S. 020 ANNA SILVER,All Grades,2018,Not SWD,177,600,38,21.5,58,32.8,58,32.8,23,13.0,81,45.8
01M020,P.S. 020 ANNA SILVER,All Grades,2019,Not SWD,159,602,25,15.7,59,37.1,55,34.6,20,12.6,75,47.2
01M020,P.S. 020 ANNA SILVER,3,2013,SWD,11,258,8,72.7,3,27.3,0,0.0,0,0.0,0,0.0
01M020,P.S. 020 ANNA SILVER,3,2014,SWD,17,243,16,94.1,1,5.9,0,0.0,0,0.0,0,0.0
01M020,P.S. 020 ANNA SILVER,3,2015,SWD,13,253,9,69.2,4,30.8,0,0.0,0,0.0,0,0.0
01M020,P.S. 020 ANNA SILVER,3,2016,SWD,16,264,12,75.0,2,12.5,1,6.3,1,6.3,2,12.5
01M020,P.S. 020 ANNA SILVER,3,2017,SWD,14,253,12,85.7,2,14.3,0,0.0,0,0.0,0,0.0
01M020,P.S. 020 ANNA SILVER,3,2018,SWD,11,570,8,72.7,3,27.3,0,0.0,0,0.0,0,0.0
01M020,P.S. 020 ANNA SILVER,3,2019,SWD,15,577,10,66.7,4,26.7,1,6.7,0,0.0,1,6.7
01M020,P.S. 020 ANNA SILVER,4,2013,SWD,19,264,16,84.2,3,15.8,0,0.0,0,0.0,0,0.0
01M020,P.S. 020 ANNA SILVER,4,2014,SWD,15,267,11,73.3,4,26.7,0,0.0,0,0.0,0,0.0
01M020,P.S. 020 ANNA SILVER,4,2015,SWD,17,255,15,88.2,1,5.9,1,5.9,0,0.0,1,5.9
01M020,P.S. 020 ANNA SILVER,4,2016,SWD,11,266,7,63.6,4,36.4,0,0.0,0,0.0,0,0.0
01M020,P.S. 020 ANNA SILVER,4,2017,SWD,9,243,9,100.0,0,0.0,0,0.0,0,0.0,0,0.0
01M020,P.S. 020 ANNA SILVER,4,2018,SWD,13,573,10,76.9,1,7.7,1,7.7,1,7.7,2,15.4
01M020,P.S. 020 ANNA SILVER,4,2019,SWD,13,577,8,61.5,5,38.5,0,0.0,0,0.0,0,0.0
01M020,P.S. 020 ANNA SILVER,5,2013,SWD,14,269,11,78.6,2,14.3,1,7.1,0,0.0,1,7.1
01M020,P.S. 020 ANNA SILVER,5,2014,SWD,20,264,16,80.0,3,15.0,1,5.0,0,0.0,1,5.0
01M020,P.S. 020 ANNA SILVER,5,2015,SWD,14,251,12,85.7,2,14.3,0,0.0,0,0.0,0,0.0
01M020,P.S. 020 ANNA SILVER,5,2016,SWD,16,256,12,75.0,4,25.0,0,0.0,0,0.0,0,0.0
01M020,P.S. 020 ANNA SILVER,5,2017,SWD,5,s,s,s,s,s,s,s,s,s,s,s
01M020,P.S. 020 ANNA SILVER,5,2018,SWD,8,567,7,87.5,1,12.5,0,0.0,0,0.0,0,0.0
01M020,P.S. 020 ANNA SILVER,5,2019,SWD,10,581,7,70.0,1,10.0,2,20.0,0,0.0,2,20.0
01M020,P.S. 020 ANNA SILVER,All Grades,2013,SWD,44,264,35,79.5,8,18.2,1,2.3,0,0.0,1,2.3
01M020,P.S. 020 ANNA SILVER,All Grades,2014,SWD,52,258,43,82.7,8,15.4,1,1.9,0,0.0,1,1.9
01M020,P.S. 020 ANNA SILVER,All Grades,2015,SWD,44,253,36,81.8,7,15.9,1,2.3,0,0.0,1,2.3
01M020,P.S. 020 ANNA SILVER,All Grades,2016,SWD,43,262,31,72.1,10,23.3,1,2.3,1,2.3,2,4.7
01M020,P.S. 020 ANNA SILVER,All Grades,2017,SWD,28,250,25,89.3,3,10.7,0,0.0,0,0.0,0,0.0
01M020,P.S. 020 ANNA SILVER,All Grades,2018,SWD,32,571,25,78.1,5,15.6,1,3.1,1,3.1,2,6.3
01M020,P.S. 020 ANNA SILVER,All Grades,2019,SWD,38,578,25,65.8,10,26.3,3,7.9,0,0.0,3,7.9
01M034,P.S. 034 FRANKLIN D. ROOSEVELT,3,2013,Not SWD,29,306,10,34.5,8,27.6,11,37.9,0,0.0,11,37.9
01M034,P.S. 034 FRANKLIN D. ROOSEVELT,3,2014,Not SWD,19,292,7,36.8,9,47.4,3,15.8,0,0.0,3,15.8
01M034,P.S. 034 FRANKLIN D. ROOSEVELT,3,2015,Not SWD,23,309,4,17.4,8,34.8,11,47.8,0,0.0,11,47.8
01M034,P.S. 034 FRANKLIN D. ROOSEVELT,3,2016,Not SWD,16,322,1,6.3,5,31.3,10,62.5,0,0.0,10,62.5
01M034,P.S. 034 FRANKLIN D. ROOSEVELT,3,2017,Not SWD,16,321,0,0.0,8,50.0,7,43.8,1,6.3,8,50.0
01M034,P.S. 034 FRANKLIN D. ROOSEVELT,3,2018,Not SWD,27,591,6,22.2,13,48.1,7,25.9,1,3.7,8,29.6
01M034,P.S. 034 FRANKLIN D. ROOSEVELT,3,2019,Not SWD,13,s,s,s,s,s,s,s,s,s,s,s
01M034,P.S. 034 FRANKLIN D. ROOSEVELT,4,2013,Not SWD,34,311,3,8.8,20,58.8,8,23.5,3,8.8,11,32.4
01M034,P.S. 034 FRANKLIN D. ROOSEVELT,4,2014,Not SWD,27,305,6,22.2,13,48.1,5,18.5,3,11.1,8,29.6
01M034,P.S. 034 FRANKLIN D. ROOSEVELT,4,2015,Not SWD,21,302,1,4.8,15,71.4,5,23.8,0,0.0,5,23.8
01M034,P.S. 034 FRANKLIN D. ROOSEVELT,4,2016,Not SWD,22,307,2,9.1,15,68.2,4,18.2,1,4.5,5,22.7
01M034,P.S. 034 FRANKLIN D. ROOSEVELT,4,2017,Not SWD,16,303,1,6.3,12,75.0,3,18.8,0,0.0,3,18.8
01M034,P.S. 034 FRANKLIN D. ROOSEVELT,4,2018,Not SWD,19,591,5,26.3,10,52.6,3,15.8,1,5.3,4,21.1
01M034,P.S. 034 FRANKLIN D. ROOSEVELT,4,2019,Not SWD,28,593,7,25.0,11,39.3,9,32.1,1,3.6,10,35.7
01M034,P.S. 034 FRANKLIN D. ROOSEVELT,5,2013,Not SWD,23,297,7,30.4,13,56.5,3,13.0,0,0.0,3,13.0
01M034,P.S. 034 FRANKLIN D. ROOSEVELT,5,2014,Not SWD,31,299,10,32.3,14,45.2,5,16.1,2,6.5,7,22.6
01M034,P.S. 034 FRANKLIN D. ROOSEVELT,5,2015,Not SWD,26,303,8,30.8,10,38.5,4,15.4,4,15.4,8,30.8
01M034,P.S. 034 FRANKLIN D. ROOSEVELT,5,2016,Not SWD,21,302,4,19.0,12,57.1,5,23.8,0,0.0,5,23.8
01M034,P.S. 034 FRANKLIN D. ROOSEVELT,5,2017,Not SWD,18,303,5,27.8,8,44.4,3,16.7,2,11.1,5,27.8
01M034,P.S. 034 FRANKLIN D. ROOSEVELT,5,2018,Not SWD,16,600,3,18.8,8,50.0,5,31.3,0,0.0,5,31.3
01M034,P.S. 034 FRANKLIN D. ROOSEVELT,5,2019,Not SWD,20,596,7,35.0,9,45.0,3,15.0,1,5.0,4,20.0
01M034,P.S. 034 FRANKLIN D. ROOSEVELT,6,2013,Not SWD,37,304,5,13.5,25,67.6,5,13.5,2,5.4,7,18.9
01M034,P.S. 034 FRANKLIN D. ROOSEVELT,6,2014,Not SWD,30,303,7,23.3,14,46.7,6,20.0,3,10.0,9,30.0
01M034,P.S. 034 FRANKLIN D. ROOSEVELT,6,2015,Not SWD,44,304,6,13.6,28,63.6,7,15.9,3,6.8,10,22.7
01M034,P.S. 034 FRANKLIN D. ROOSEVELT,6,2016,Not SWD,38,301,8,21.1,20,52.6,7,18.4,3,7.9,10,26.3
01M034,P.S. 034 FRANKLIN D. ROOSEVELT,6,2017,Not SWD,20,300,4,20.0,12,60.0,3,15.0,1,5.0,4,20.0
01M034,P.S. 034 FRANKLIN D. ROOSEVELT,6,2018,Not SWD,20,598,6,30.0,6,30.0,5,25.0,3,15.0,8,40.0
01M034,P.S. 034 FRANKLIN D. ROOSEVELT,6,2019,Not SWD,24,598,6,25.0,7,29.2,7,29.2,4,16.7,11,45.8
01M034,P.S. 034 FRANKLIN D. ROOSEVELT,7,2013,Not SWD,34,293,9,26.5,23,67.6,2,5.9,0,0.0,2,5.9
01M034,P.S. 034 FRANKLIN D. ROOSEVELT,7,2014,Not SWD,37,310,5,13.5,20,54.1,9,24.3,3,8.1,12,32.4
01M034,P.S. 034 FRANKLIN D. ROOSEVELT,7,2015,Not SWD,30,302,6,20.0,13,43.3,11,36.7,0,0.0,11,36.7
01M034,P.S. 034 FRANKLIN D. ROOSEVELT,7,2016,Not SWD,44,309,4,9.1,25,56.8,11,25.0,4,9.1,15,34.1
01M034,P.S. 034 FRANKLIN D. ROOSEVELT,7,2017,Not SWD,36,307,4,11.1,20,55.6,11,30.6,1,2.8,12,33.3
01M034,P.S. 034 FRANKLIN D. ROOSEVELT,7,2018,Not SWD,20,602,5,25.0,8,40.0,5,25.0,2,10.0,7,35.0
01M034,P.S. 034 FRANKLIN D. ROOSEVELT,7,2019,Not SWD,25,590,11,44.0,13,52.0,1,4.0,0,0.0,1,4.0
01M034,P.S. 034 FRANKLIN D. ROOSEVELT,8,2013,Not SWD,34,293,13,38.2,15,44.1,6,17.6,0,0.0,6,17.6
01M034,P.S. 034 FRANKLIN D. ROOSEVELT,8,2014,Not SWD,41,295,9,22.0,22,53.7,10,24.4,0,0.0,10,24.4
01M034,P.S. 034 FRANKLIN D. ROOSEVELT,8,2015,Not SWD,37,311,3,8.1,16,43.2,15,40.5,3,8.1,18,48.6
01M034,P.S. 034 FRANKLIN D. ROOSEVELT,8,2016,Not SWD,34,307,5,14.7,13,38.2,15,44.1,1,2.9,16,47.1
01M034,P.S. 034 FRANKLIN D. ROOSEVELT,8,2017,Not SWD,43,314,3,7.0,18,41.9,17,39.5,5,11.6,22,51.2
01M034,P.S. 034 FRANKLIN D. ROOSEVELT,8,2018,Not SWD,39,600,5,12.8,18,46.2,7,17.9,9,23.1,16,41.0
01M034,P.S. 034 FRANKLIN D. ROOSEVELT,8,2019,Not SWD,22,604,0,0.0,13,59.1,4,18.2,5,22.7,9,40.9
01M034,P.S. 034 FRANKLIN D. ROOSEVELT,All Grades,2013,Not SWD,191,301,47,24.6,104,54.5,35,18.3,5,2.6,40,20.9
01M034,P.S. 034 FRANKLIN D. ROOSEVELT,All Grades,2014,Not SWD,185,301,44,23.8,92,49.7,38,20.5,11,5.9,49,26.5
01M034,P.S. 034 FRANKLIN D. ROOSEVELT,All Grades,2015,Not SWD,181,305,28,15.5,90,49.7,53,29.3,10,5.5,63,34.8
01M034,P.S. 034 FRANKLIN D. ROOSEVELT,All Grades,2016,Not SWD,175,307,24,13.7,90,51.4,52,29.7,9,5.1,61,34.9
01M034,P.S. 034 FRANKLIN D. ROOSEVELT,All Grades,2017,Not SWD,149,309,17,11.4,78,52.3,44,29.5,10,6.7,54,36.2
01M034,P.S. 034 FRANKLIN D. ROOSEVELT,All Grades,2018,Not SWD,141,597,30,21.3,63,44.7,32,22.7,16,11.3,48,34.0
01M034,P.S. 034 FRANKLIN D. ROOSEVELT,All Grades,2019,Not SWD,132,596,32,24.2,61,46.2,28,21.2,11,8.3,39,29.5
01M034,P.S. 034 FRANKLIN D. ROOSEVELT,3,2013,SWD,9,259,8,88.9,1,11.1,0,0.0,0,0.0,0,0.0
01M034,P.S. 034 FRANKLIN D. ROOSEVELT,3,2014,SWD,13,238,12,92.3,1,7.7,0,0.0,0,0.0,0,0.0
01M034,P.S. 034 FRANKLIN D. ROOSEVELT,3,2015,SWD,7,264,7,100.0,0,0.0,0,0.0,0,0.0,0,0.0
01M034,P.S. 034 FRANKLIN D. ROOSEVELT,3,2016,SWD,11,297,5,45.5,4,36.4,2,18.2,0,0.0,2,18.2
01M034,P.S. 034 FRANKLIN D. ROOSEVELT,3,2017,SWD,10,286,4,40.0,5,50.0,1,10.0,0,0.0,1,10.0
01M034,P.S. 034 FRANKLIN D. ROOSEVELT,3,2018,SWD,12,576,9,75.0,1,8.3,2,16.7,0,0.0,2,16.7
01M034,P.S. 034 FRANKLIN D. ROOSEVELT,3,2019,SWD,5,s,s,s,s,s,s,s,s,s,s,s
01M034,P.S. 034 FRANKLIN D. ROOSEVELT,4,2013,SWD,12,282,7,58.3,5,41.7,0,0.0,0,0.0,0,0.0
01M034,P.S. 034 FRANKLIN D. ROOSEVELT,4,2014,SWD,10,268,7,70.0,3,30.0,0,0.0,0,0.0,0,0.0
01M034,P.S. 034 FRANKLIN D. ROOSEVELT,4,2015,SWD,9,259,6,66.7,3,33.3,0,0.0,0,0.0,0,0.0
01M034,P.S. 034 FRANKLIN D. ROOSEVELT,4,2016,SWD,13,288,5,38.5,6,46.2,2,15.4,0,0.0,2,15.4
01M034,P.S. 034 FRANKLIN D. ROOSEVELT,4,2017,SWD,9,266,7,77.8,2,22.2,0,0.0,0,0.0,0,0.0
01M034,P.S. 034 FRANKLIN D. ROOSEVELT,4,2018,SWD,13,585,6,46.2,5,38.5,1,7.7,1,7.7,2,15.4
01M034,P.S. 034 FRANKLIN D. ROOSEVELT,4,2019,SWD,11,571,9,81.8,2,18.2,0,0.0,0,0.0,0,0.0
01M034,P.S. 034 FRANKLIN D. ROOSEVELT,5,2013,SWD,7,281,3,42.9,4,57.1,0,0.0,0,0.0,0,0.0
01M034,P.S. 034 FRANKLIN D. ROOSEVELT,5,2014,SWD,11,269,9,81.8,2,18.2,0,0.0,0,0.0,0,0.0
01M034,P.S. 034 FRANKLIN D. ROOSEVELT,5,2015,SWD,9,270,6,66.7,3,33.3,0,0.0,0,0.0,0,0.0
01M034,P.S. 034 FRANKLIN D. ROOSEVELT,5,2016,SWD,8,242,8,100.0,0,0.0,0,0.0,0,0.0,0,0.0
01M034,P.S. 034 FRANKLIN D. ROOSEVELT,5,2017,SWD,10,283,5,50.0,5,50.0,0,0.0,0,0.0,0,0.0
01M034,P.S. 034 FRANKLIN D. ROOSEVELT,5,2018,SWD,11,585,10,90.9,0,0.0,1,9.1,0,0.0,1,9.1
01M034,P.S. 034 FRANKLIN D. ROOSEVELT,5,2019,SWD,14,573,12,85.7,1,7.1,1,7.1,0,0.0,1,7.1
01M034,P.S. 034 FRANKLIN D. ROOSEVELT,6,2013,SWD,19,265,14,73.7,4,21.1,1,5.3,0,0.0,1,5.3
01M034,P.S. 034 FRANKLIN D. ROOSEVELT,6,2014,SWD,11,277,6,54.5,4,36.4,1,9.1,0,0.0,1,9.1
01M034,P.S. 034 FRANKLIN D. ROOSEVELT,6,2015,SWD,10,266,7,70.0,3,30.0,0,0.0,0,0.0,0,0.0
01M034,P.S. 034 FRANKLIN D. ROOSEVELT,6,2016,SWD,16,280,7,43.8,8,50.0,1,6.3,0,0.0,1,6.3
01M034,P.S. 034 FRANKLIN D. ROOSEVELT,6,2017,SWD,10,266,6,60.0,4,40.0,0,0.0,0,0.0,0,0.0
01M034,P.S. 034 FRANKLIN D. ROOSEVELT,6,2018,SWD,13,587,7,53.8,6,46.2,0,0.0,0,0.0,0,0.0
01M034,P.S. 034 FRANKLIN D. ROOSEVELT,6,2019,SWD,14,574,10,71.4,3,21.4,1,7.1,0,0.0,1,7.1
01M034,P.S. 034 FRANKLIN D. ROOSEVELT,7,2013,SWD,12,279,8,66.7,4,33.3,0,0.0,0,0.0,0,0.0
01M034,P.S. 034 FRANKLIN D. ROOSEVELT,7,2014,SWD,20,282,12,60.0,7,35.0,1,5.0,0,0.0,1,5.0
01M034,P.S. 034 FRANKLIN D. ROOSEVELT,7,2015,SWD,12,276,8,66.7,2,16.7,2,16.7,0,0.0,2,16.7
01M034,P.S. 034 FRANKLIN D. ROOSEVELT,7,2016,SWD,11,278,7,63.6,4,36.4,0,0.0,0,0.0,0,0.0
01M034,P.S. 034 FRANKLIN D. ROOSEVELT,7,2017,SWD,18,281,5,27.8,12,66.7,1,5.6,0,0.0,1,5.6
01M034,P.S. 034 FRANKLIN D. ROOSEVELT,7,2018,SWD,11,580,7,63.6,4,36.4,0,0.0,0,0.0,0,0.0
01M034,P.S. 034 FRANKLIN D. ROOSEVELT,7,2019,SWD,12,584,10,83.3,2,16.7,0,0.0,0,0.0,0,0.0
01M034,P.S. 034 FRANKLIN D. ROOSEVELT,8,2013,SWD,9,285,4,44.4,5,55.6,0,0.0,0,0.0,0,0.0
01M034,P.S. 034 FRANKLIN D. ROOSEVELT,8,2014,SWD,14,275,7,50.0,6,42.9,0,0.0,1,7.1,1,7.1
01M034,P.S. 034 FRANKLIN D. ROOSEVELT,8,2015,SWD,19,280,8,42.1,8,42.1,3,15.8,0,0.0,3,15.8
01M034,P.S. 034 FRANKLIN D. ROOSEVELT,8,2016,SWD,13,285,6,46.2,5,38.5,2,15.4,0,0.0,2,15.4
01M034,P.S. 034 FRANKLIN D. ROOSEVELT,8,2017,SWD,12,296,4,33.3,5,41.7,2,16.7,1,8.3,3,25.0
01M034,P.S. 034 FRANKLIN D. ROOSEVELT,8,2018,SWD,13,592,3,23.1,6,46.2,3,23.1,1,7.7,4,30.8
01M034,P.S. 034 FRANKLIN D. ROOSEVELT,8,2019,SWD,10,582,5,50.0,5,50.0,0,0.0,0,0.0,0,0.0
01M034,P.S. 034 FRANKLIN D. ROOSEVELT,All Grades,2013,SWD,68,274,44,64.7,23,33.8,1,1.5,0,0.0,1,1.5
01M034,P.S. 034 FRANKLIN D. ROOSEVELT,All Grades,2014,SWD,79,269,53,67.1,23,29.1,2,2.5,1,1.3,3,3.8
01M034,P.S. 034 FRANKLIN D. ROOSEVELT,All Grades,2015,SWD,66,271,42,63.6,19,28.8,5,7.6,0,0.0,5,7.6
01M034,P.S. 034 FRANKLIN D. ROOSEVELT,All Grades,2016,SWD,72,280,38,52.8,27,37.5,7,9.7,0,0.0,7,9.7
01M034,P.S. 034 FRANKLIN D. ROOSEVELT,All Grades,2017,SWD,69,280,31,44.9,33,47.8,4,5.8,1,1.4,5,7.2
01M034,P.S. 034 FRANKLIN D. ROOSEVELT,All Grades,2018,SWD,73,585,42,57.5,22,30.1,7,9.6,2,2.7,9,12.3
01M034,P.S. 034 FRANKLIN D. ROOSEVELT,All Grades,2019,SWD,66,577,47,71.2,17,25.8,2,3.0,0,0.0,2,3.0
01M063,THE STAR ACADEMY - P.S.63,3,2013,Not SWD,15,s,s,s,s,s,s,s,s,s,s,s
01M063,THE STAR ACADEMY - P.S.63,3,2014,Not SWD,11,300,4,36.4,3,27.3,4,36.4,0,0.0,4,36.4
01M063,THE STAR ACADEMY - P.S.63,3,2015,Not SWD,12,s,s,s,s,s,s,s,s,s,s,s
01M063,THE STAR ACADEMY - P.S.63,3,2016,Not SWD,16,s,s,s,s,s,s,s,s,s,s,s
01M063,THE STAR ACADEMY - P.S.63,3,2017,Not SWD,18,329,0,0.0,6,33.3,10,55.6,2,11.1,12,66.7
01M063,THE STAR ACADEMY - P.S.63,3,2018,Not SWD,15,s,s,s,s,s,s,s,s,s,s,s
01M063,THE STAR ACADEMY - P.S.63,3,2019,Not SWD,26,602,1,3.8,12,46.2,12,46.2,1,3.8,13,50.0
01M063,THE STAR ACADEMY - P.S.63,4,2013,Not SWD,15,299,4,26.7,10,66.7,1,6.7,0,0.0,1,6.7
01M063,THE STAR ACADEMY - P.S.63,4,2014,Not SWD,10,311,0,0.0,7,70.0,3,30.0,0,0.0,3,30.0
01M063,THE STAR ACADEMY - P.S.63,4,2015,Not SWD,10,s,s,s,s,s,s,s,s,s,s,s
01M063,THE STAR ACADEMY - P.S.63,4,2016,Not SWD,9,321,0,0.0,4,44.4,3,33.3,2,22.2,5,55.6
01M063,THE STAR ACADEMY - P.S.63,4,2017,Not SWD,14,s,s,s,s,s,s,s,s,s,s,s
01M063,THE STAR ACADEMY - P.S.63,4,2018,Not SWD,16,614,0,0.0,2,12.5,9,56.3,5,31.3,14,87.5
01M063,THE STAR ACADEMY - P.S.63,4,2019,Not SWD,18,599,2,11.1,8,44.4,6,33.3,2,11.1,8,44.4
01M063,THE STAR ACADEMY - P.S.63,5,2013,Not SWD,15,295,7,46.7,4,26.7,4,26.7,0,0.0,4,26.7
01M063,THE STAR ACADEMY - P.S.63,5,2014,Not SWD,10,306,1,10.0,6,60.0,3,30.0,0,0.0,3,30.0
01M063,THE STAR ACADEMY - P.S.63,5,2015,Not SWD,13,303,3,23.1,6,46.2,4,30.8,0,0.0,4,30.8
01M063,THE STAR ACADEMY - P.S.63,5,2016,Not SWD,7,s,s,s,s,s,s,s,s,s,s,s
01M063,THE STAR ACADEMY - P.S.63,5,2017,Not SWD,12,335,0,0.0,2,16.7,5,41.7,5,41.7,10,83.3
01M063,THE STAR ACADEMY - P.S.63,5,2018,Not SWD,14,612,1,7.1,3,21.4,5,35.7,5,35.7,10,71.4
01M063,THE STAR ACADEMY - P.S.63,5,2019,Not SWD,17,609,4,23.5,2,11.8,6,35.3,5,29.4,11,64.7
01M063,THE STAR ACADEMY - P.S.63,All Grades,2013,Not SWD,45,297,17,37.8,20,44.4,8,17.8,0,0.0,8,17.8
01M063,THE STAR ACADEMY - P.S.63,All Grades,2014,Not SWD,31,305,5,16.1,16,51.6,10,32.3,0,0.0,10,32.3
01M063,THE STAR ACADEMY - P.S.63,All Grades,2015,Not SWD,35,302,12,34.3,11,31.4,11,31.4,1,2.9,12,34.3
01M063,THE STAR ACADEMY - P.S.63,All Grades,2016,Not SWD,32,325,1,3.1,11,34.4,15,46.9,5,15.6,20,62.5
01M063,THE STAR ACADEMY - P.S.63,All Grades,2017,Not SWD,44,332,0,0.0,12,27.3,20,45.5,12,27.3,32,72.7
01M063,THE STAR ACADEMY - P.S.63,All Grades,2018,Not SWD,45,610,1,2.2,12,26.7,22,48.9,10,22.2,32,71.1
01M063,THE STAR ACADEMY - P.S.63,All Grades,2019,Not SWD,61,603,7,11.5,22,36.1,24,39.3,8,13.1,32,52.5
01M063,THE STAR ACADEMY - P.S.63,3,2013,SWD,4,s,s,s,s,s,s,s,s,s,s,s
01M063,THE STAR ACADEMY - P.S.63,3,2014,SWD,6,284,2,33.3,3,50.0,1,16.7,0,0.0,1,16.7
01M063,THE STAR ACADEMY - P.S.63,3,2015,SWD,5,s,s,s,s,s,s,s,s,s,s,s
01M063,THE STAR ACADEMY - P.S.63,3,2016,SWD,5,s,s,s,s,s,s,s,s,s,s,s
01M063,THE STAR ACADEMY - P.S.63,3,2017,SWD,8,306,2,25.0,4,50.0,2,25.0,0,0.0,2,25.0
01M063,THE STAR ACADEMY - P.S.63,3,2018,SWD,4,s,s,s,s,s,s,s,s,s,s,s
01M063,THE STAR ACADEMY - P.S.63,3,2019,SWD,6,594,1,16.7,3,50.0,2,33.3,0,0.0,2,33.3
01M063,THE STAR ACADEMY - P.S.63,4,2013,SWD,6,272,3,50.0,2,33.3,1,16.7,0,0.0,1,16.7
01M063,THE STAR ACADEMY - P.S.63,4,2014,SWD,7,265,4,57.1,3,42.9,0,0.0,0,0.0,0,0.0
01M063,THE STAR ACADEMY - P.S.63,4,2015,SWD,3,s,s,s,s,s,s,s,s,s,s,s
01M063,THE STAR ACADEMY - P.S.63,4,2016,SWD,6,289,2,33.3,4,66.7,0,0.0,0,0.0,0,0.0
01M063,THE STAR ACADEMY - P.S.63,4,2017,SWD,5,s,s,s,s,s,s,s,s,s,s,s
01M063,THE STAR ACADEMY - P.S.63,4,2018,SWD,7,598,0,0.0,5,71.4,2,28.6,0,0.0,2,28.6
01M063,THE STAR ACADEMY - P.S.63,4,2019,SWD,6,591,1,16.7,4,66.7,1,16.7,0,0.0,1,16.7
01M063,THE STAR ACADEMY - P.S.63,5,2013,SWD,7,272,6,85.7,1,14.3,0,0.0,0,0.0,0,0.0
01M063,THE STAR ACADEMY - P.S.63,5,2014,SWD,7,253,5,71.4,2,28.6,0,0.0,0,0.0,0,0.0
01M063,THE STAR ACADEMY - P.S.63,5,2015,SWD,7,280,4,57.1,3,42.9,0,0.0,0,0.0,0,0.0
01M063,THE STAR ACADEMY - P.S.63,5,2016,SWD,5,s,s,s,s,s,s,s,s,s,s,s
01M063,THE STAR ACADEMY - P.S.63,5,2017,SWD,6,297,3,50.0,1,16.7,2,33.3,0,0.0,2,33.3
01M063,THE STAR ACADEMY - P.S.63,5,2018,SWD,8,604,2,25.0,4,50.0,2,25.0,0,0.0,2,25.0
01M063,THE STAR ACADEMY - P.S.63,5,2019,SWD,6,590,3,50.0,3,50.0,0,0.0,0,0.0,0,0.0
01M063,THE STAR ACADEMY - P.S.63,All Grades,2013,SWD,17,268,11,64.7,5,29.4,1,5.9,0,0.0,1,5.9
01M063,THE STAR ACADEMY - P.S.63,All Grades,2014,SWD,20,267,11,55.0,8,40.0,1,5.0,0,0.0,1,5.0
01M063,THE STAR ACADEMY - P.S.63,All Grades,2015,SWD,15,273,9,60.0,4,26.7,2,13.3,0,0.0,2,13.3
01M063,THE STAR ACADEMY - P.S.63,All Grades,2016,SWD,16,287,8,50.0,7,43.8,1,6.3,0,0.0,1,6.3
01M063,THE STAR ACADEMY - P.S.63,All Grades,2017,SWD,19,306,5,26.3,7,36.8,7,36.8,0,0.0,7,36.8
01M063,THE STAR ACADEMY - P.S.63,All Grades,2018,SWD,19,599,3,15.8,11,57.9,5,26.3,0,0.0,5,26.3
01M063,THE STAR ACADEMY - P.S.63,All Grades,2019,SWD,18,592,5,27.8,10,55.6,3,16.7,0,0.0,3,16.7
01M064,P.S. 064 ROBERT SIMON,3,2013,Not SWD,25,s,s,s,s,s,s,s,s,s,s,s
01M064,P.S. 064 ROBERT SIMON,3,2014,Not SWD,29,301,10,34.5,13,44.8,6,20.7,0,0.0,6,20.7
01M064,P.S. 064 ROBERT SIMON,3,2015,Not SWD,27,298,8,29.6,11,40.7,8,29.6,0,0.0,8,29.6
01M064,P.S. 064 ROBERT SIMON,3,2016,Not SWD,23,308,6,26.1,11,47.8,5,21.7,1,4.3,6,26.1
01M064,P.S. 064 ROBERT SIMON,3,2017,Not SWD,19,317,2,10.5,8,42.1,9,47.4,0,0.0,9,47.4
01M064,P.S. 064 ROBERT SIMON,3,2018,Not SWD,18,595,1,5.6,11,61.1,6,33.3,0,0.0,6,33.3
01M064,P.S. 064 ROBERT SIMON,3,2019,Not SWD,20,608,0,0.0,5,25.0,14,70.0,1,5.0,15,75.0
01M064,P.S. 064 ROBERT SIMON,4,2013,Not SWD,29,284,15,51.7,13,44.8,1,3.4,0,0.0,1,3.4
01M064,P.S. 064 ROBERT SIMON,4,2014,Not SWD,26,285,12,46.2,10,38.5,4,15.4,0,0.0,4,15.4
01M064,P.S. 064 ROBERT SIMON,4,2015,Not SWD,25,299,5,20.0,15,60.0,5,20.0,0,0.0,5,20.0
01M064,P.S. 064 ROBERT SIMON,4,2016,Not SWD,24,309,3,12.5,13,54.2,6,25.0,2,8.3,8,33.3
01M064,P.S. 064 ROBERT SIMON,4,2017,Not SWD,20,305,2,10.0,11,55.0,6,30.0,1,5.0,7,35.0
01M064,P.S. 064 ROBERT SIMON,4,2018,Not SWD,19,610,0,0.0,4,21.1,12,63.2,3,15.8,15,78.9
01M064,P.S. 064 ROBERT SIMON,4,2019,Not SWD,19,605,0,0.0,7,36.8,11,57.9,1,5.3,12,63.2
01M064,P.S. 064 ROBERT SIMON,5,2013,Not SWD,27,302,8,29.6,11,40.7,7,25.9,1,3.7,8,29.6
01M064,P.S. 064 ROBERT SIMON,5,2014,Not SWD,26,298,8,30.8,13,50.0,5,19.2,0,0.0,5,19.2
01M064,P.S. 064 ROBERT SIMON,5,2015,Not SWD,27,290,12,44.4,13,48.1,2,7.4,0,0.0,2,7.4
01M064,P.S. 064 ROBERT SIMON,5,2016,Not SWD,28,301,6,21.4,15,53.6,7,25.0,0,0.0,7,25.0
01M064,P.S. 064 ROBERT SIMON,5,2017,Not SWD,30,308,5,16.7,13,43.3,8,26.7,4,13.3,12,40.0
01M064,P.S. 064 ROBERT SIMON,5,2018,Not SWD,23,597,9,39.1,9,39.1,2,8.7,3,13.0,5,21.7
01M064,P.S. 064 ROBERT SIMON,5,2019,Not SWD,19,604,2,10.5,9,47.4,6,31.6,2,10.5,8,42.1
01M064,P.S. 064 ROBERT SIMON,All Grades,2013,Not SWD,81,292,37,45.7,33,40.7,10,12.3,1,1.2,11,13.6
01M064,P.S. 064 ROBERT SIMON,All Grades,2014,Not SWD,81,295,30,37.0,36,44.4,15,18.5,0,0.0,15,18.5
01M064,P.S. 064 ROBERT SIMON,All Grades,2015,Not SWD,79,296,25,31.6,39,49.4,15,19.0,0,0.0,15,19.0
01M064,P.S. 064 ROBERT SIMON,All Grades,2016,Not SWD,75,306,15,20.0,39,52.0,18,24.0,3,4.0,21,28.0
01M064,P.S. 064 ROBERT SIMON,All Grades,2017,Not SWD,69,310,9,13.0,32,46.4,23,33.3,5,7.2,28,40.6
01M064,P.S. 064 ROBERT SIMON,All Grades,2018,Not SWD,60,601,10,16.7,24,40.0,20,33.3,6,10.0,26,43.3
01M064,P.S. 064 ROBERT SIMON,All Grades,2019,Not SWD,58,606,2,3.4,21,36.2,31,53.4,4,6.9,35,60.3
01M064,P.S. 064 ROBERT SIMON,3,2013,SWD,5,s,s,s,s,s,s,s,s,s,s,s
01M064,P.S. 064 ROBERT SIMON,3,2014,SWD,14,269,11,78.6,1,7.1,2,14.3,0,0.0,2,14.3
01M064,P.S. 064 ROBERT SIMON,3,2015,SWD,13,285,6,46.2,7,53.8,0,0.0,0,0.0,0,0.0
01M064,P.S. 064 ROBERT SIMON,3,2016,SWD,6,258,6,100.0,0,0.0,0,0.0,0,0.0,0,0.0
01M064,P.S. 064 ROBERT SIMON,3,2017,SWD,8,295,2,25.0,6,75.0,0,0.0,0,0.0,0,0.0
01M064,P.S. 064 ROBERT SIMON,3,2018,SWD,8,585,4,50.0,3,37.5,1,12.5,0,0.0,1,12.5
01M064,P.S. 064 ROBERT SIMON,3,2019,SWD,6,602,0,0.0,3,50.0,3,50.0,0,0.0,3,50.0
01M064,P.S. 064 ROBERT SIMON,4,2013,SWD,12,264,9,75.0,2,16.7,1,8.3,0,0.0,1,8.3
01M064,P.S. 064 ROBERT SIMON,4,2014,SWD,6,280,3,50.0,3,50.0,0,0.0,0,0.0,0,0.0
01M064,P.S. 064 ROBERT SIMON,4,2015,SWD,15,283,8,53.3,6,40.0,1,6.7,0,0.0,1,6.7
01M064,P.S. 064 ROBERT SIMON,4,2016,SWD,16,292,5,31.3,10,62.5,1,6.3,0,0.0,1,6.3
01M064,P.S. 064 ROBERT SIMON,4,2017,SWD,9,277,5,55.6,4,44.4,0,0.0,0,0.0,0,0.0
01M064,P.S. 064 ROBERT SIMON,4,2018,SWD,9,594,1,11.1,7,77.8,1,11.1,0,0.0,1,11.1
01M064,P.S. 064 ROBERT SIMON,4,2019,SWD,7,584,3,42.9,3,42.9,1,14.3,0,0.0,1,14.3
01M064,P.S. 064 ROBERT SIMON,5,2013,SWD,12,281,7,58.3,5,41.7,0,0.0,0,0.0,0,0.0
01M064,P.S. 064 ROBERT SIMON,5,2014,SWD,11,270,9,81.8,1,9.1,1,9.1,0,0.0,1,9.1
01M064,P.S. 064 ROBERT SIMON,5,2015,SWD,10,270,7,70.0,3,30.0,0,0.0,0,0.0,0,0.0
01M064,P.S. 064 ROBERT SIMON,5,2016,SWD,14,278,9,64.3,4,28.6,1,7.1,0,0.0,1,7.1
01M064,P.S. 064 ROBERT SIMON,5,2017,SWD,13,286,7,53.8,5,38.5,1,7.7,0,0.0,1,7.7
01M064,P.S. 064 ROBERT SIMON,5,2018,SWD,9,574,8,88.9,1,11.1,0,0.0,0,0.0,0,0.0
01M064,P.S. 064 ROBERT SIMON,5,2019,SWD,10,588,5,50.0,4,40.0,1,10.0,0,0.0,1,10.0
01M064,P.S. 064 ROBERT SIMON,All Grades,2013,SWD,29,274,19,65.5,8,27.6,2,6.9,0,0.0,2,6.9
01M064,P.S. 064 ROBERT SIMON,All Grades,2014,SWD,31,271,23,74.2,5,16.1,3,9.7,0,0.0,3,9.7
01M064,P.S. 064 ROBERT SIMON,All Grades,2015,SWD,38,280,21,55.3,16,42.1,1,2.6,0,0.0,1,2.6
01M064,P.S. 064 ROBERT SIMON,All Grades,2016,SWD,36,281,20,55.6,14,38.9,2,5.6,0,0.0,2,5.6
01M064,P.S. 064 ROBERT SIMON,All Grades,2017,SWD,30,286,14,46.7,15,50.0,1,3.3,0,0.0,1,3.3
01M064,P.S. 064 ROBERT SIMON,All Grades,2018,SWD,26,584,13,50.0,11,42.3,2,7.7,0,0.0,2,7.7
01M064,P.S. 064 ROBERT SIMON,All Grades,2019,SWD,23,590,8,34.8,10,43.5,5,21.7,0,0.0,5,21.7
01M110,P.S. 110 FLORENCE NIGHTINGALE,3,2013,Not SWD,49,s,s,s,s,s,s,s,s,s,s,s
01M110,P.S. 110 FLORENCE NIGHTINGALE,3,2014,Not SWD,56,319,11,19.6,11,19.6,32,57.1,2,3.6,34,60.7
01M110,P.S. 110 FLORENCE NIGHTINGALE,3,2015,Not SWD,44,s,s,s,s,s,s,s,s,s,s,s
01M110,P.S. 110 FLORENCE NIGHTINGALE,3,2016,Not SWD,74,330,5,6.8,18,24.3,39,52.7,12,16.2,51,68.9
01M110,P.S. 110 FLORENCE NIGHTINGALE,3,2017,Not SWD,53,338,1,1.9,11,20.8,28,52.8,13,24.5,41,77.4
01M110,P.S. 110 FLORENCE NIGHTINGALE,3,2018,Not SWD,36,621,0,0.0,5,13.9,21,58.3,10,27.8,31,86.1
01M110,P.S. 110 FLORENCE NIGHTINGALE,3,2019,Not SWD,42,614,2,4.8,7,16.7,22,52.4,11,26.2,33,78.6
01M110,P.S. 110 FLORENCE NIGHTINGALE,4,2013,Not SWD,37,324,2,5.4,11,29.7,15,40.5,9,24.3,24,64.9
01M110,P.S. 110 FLORENCE NIGHTINGALE,4,2014,Not SWD,46,315,4,8.7,21,45.7,15,32.6,6,13.0,21,45.7
01M110,P.S. 110 FLORENCE NIGHTINGALE,4,2015,Not SWD,51,317,8,15.7,17,33.3,12,23.5,14,27.5,26,51.0
01M110,P.S. 110 FLORENCE NIGHTINGALE,4,2016,Not SWD,44,s,s,s,s,s,s,s,s,s,s,s
01M110,P.S. 110 FLORENCE NIGHTINGALE,4,2017,Not SWD,67,s,s,s,s,s,s,s,s,s,s,s
01M110,P.S. 110 FLORENCE NIGHTINGALE,4,2018,Not SWD,50,618,1,2.0,6,12.0,18,36.0,25,50.0,43,86.0
01M110,P.S. 110 FLORENCE NIGHTINGALE,4,2019,Not SWD,35,621,0,0.0,3,8.6,11,31.4,21,60.0,32,91.4
01M110,P.S. 110 FLORENCE NIGHTINGALE,5,2013,Not SWD,58,318,7,12.1,24,41.4,15,25.9,12,20.7,27,46.6
01M110,P.S. 110 FLORENCE NIGHTINGALE,5,2014,Not SWD,34,319,5,14.7,13,38.2,8,23.5,8,23.5,16,47.1
01M110,P.S. 110 FLORENCE NIGHTINGALE,5,2015,Not SWD,45,324,7,15.6,12,26.7,15,33.3,11,24.4,26,57.8
01M110,P.S. 110 FLORENCE NIGHTINGALE,5,2016,Not SWD,50,319,11,22.0,12,24.0,11,22.0,16,32.0,27,54.0
01M110,P.S. 110 FLORENCE NIGHTINGALE,5,2017,Not SWD,43,s,s,s,s,s,s,s,s,s,s,s
01M110,P.S. 110 FLORENCE NIGHTINGALE,5,2018,Not SWD,63,615,6,9.5,10,15.9,24,38.1,23,36.5,47,74.6
01M110,P.S. 110 FLORENCE NIGHTINGALE,5,2019,Not SWD,49,s,s,s,s,s,s,s,s,s,s,s
01M110,P.S. 110 FLORENCE NIGHTINGALE,All Grades,2013,Not SWD,144,321,17,11.8,46,31.9,53,36.8,28,19.4,81,56.3
01M110,P.S. 110 FLORENCE NIGHTINGALE,All Grades,2014,Not SWD,136,318,20,14.7,45,33.1,55,40.4,16,11.8,71,52.2
01M110,P.S. 110 FLORENCE NIGHTINGALE,All Grades,2015,Not SWD,140,317,29,20.7,38,27.1,43,30.7,30,21.4,73,52.1
01M110,P.S. 110 FLORENCE NIGHTINGALE,All Grades,2016,Not SWD,168,326,19,11.3,43,25.6,64,38.1,42,25.0,106,63.1
01M110,P.S. 110 FLORENCE NIGHTINGALE,All Grades,2017,Not SWD,163,336,5,3.1,34,20.9,64,39.3,60,36.8,124,76.1
01M110,P.S. 110 FLORENCE NIGHTINGALE,All Grades,2018,Not SWD,149,618,7,4.7,21,14.1,63,42.3,58,38.9,121,81.2
01M110,P.S. 110 FLORENCE NIGHTINGALE,All Grades,2019,Not SWD,126,618,4,3.2,24,19.0,44,34.9,54,42.9,98,77.8
01M110,P.S. 110 FLORENCE NIGHTINGALE,3,2013,SWD,5,s,s,s,s,s,s,s,s,s,s,s
01M110,P.S. 110 FLORENCE NIGHTINGALE,3,2014,SWD,13,263,12,92.3,1,7.7,0,0.0,0,0.0,0,0.0
01M110,P.S. 110 FLORENCE NIGHTINGALE,3,2015,SWD,5,s,s,s,s,s,s,s,s,s,s,s
01M110,P.S. 110 FLORENCE NIGHTINGALE,3,2016,SWD,7,262,5,71.4,2,28.6,0,0.0,0,0.0,0,0.0
01M110,P.S. 110 FLORENCE NIGHTINGALE,3,2017,SWD,6,289,1,16.7,5,83.3,0,0.0,0,0.0,0,0.0
01M110,P.S. 110 FLORENCE NIGHTINGALE,3,2018,SWD,9,594,3,33.3,1,11.1,4,44.4,1,11.1,5,55.6
01M110,P.S. 110 FLORENCE NIGHTINGALE,3,2019,SWD,6,587,2,33.3,3,50.0,1,16.7,0,0.0,1,16.7
01M110,P.S. 110 FLORENCE NIGHTINGALE,4,2013,SWD,11,277,7,63.6,1,9.1,3,27.3,0,0.0,3,27.3
01M110,P.S. 110 FLORENCE NIGHTINGALE,4,2014,SWD,7,249,7,100.0,0,0.0,0,0.0,0,0.0,0,0.0
01M110,P.S. 110 FLORENCE NIGHTINGALE,4,2015,SWD,13,275,6,46.2,6,46.2,1,7.7,0,0.0,1,7.7
01M110,P.S. 110 FLORENCE NIGHTINGALE,4,2016,SWD,5,s,s,s,s,s,s,s,s,s,s,s
01M110,P.S. 110 FLORENCE NIGHTINGALE,4,2017,SWD,5,s,s,s,s,s,s,s,s,s,s,s
01M110,P.S. 110 FLORENCE NIGHTINGALE,4,2018,SWD,7,588,2,28.6,4,57.1,0,0.0,1,14.3,1,14.3
01M110,P.S. 110 FLORENCE NIGHTINGALE,4,2019,SWD,7,596,1,14.3,4,57.1,1,14.3,1,14.3,2,28.6
01M110,P.S. 110 FLORENCE NIGHTINGALE,5,2013,SWD,7,272,5,71.4,2,28.6,0,0.0,0,0.0,0,0.0
01M110,P.S. 110 FLORENCE NIGHTINGALE,5,2014,SWD,11,255,9,81.8,0,0.0,0,0.0,2,18.2,2,18.2
01M110,P.S. 110 FLORENCE NIGHTINGALE,5,2015,SWD,9,250,9,100.0,0,0.0,0,0.0,0,0.0,0,0.0
01M110,P.S. 110 FLORENCE NIGHTINGALE,5,2016,SWD,15,267,13,86.7,2,13.3,0,0.0,0,0.0,0,0.0
01M110,P.S. 110 FLORENCE NIGHTINGALE,5,2017,SWD,4,s,s,s,s,s,s,s,s,s,s,s
01M110,P.S. 110 FLORENCE NIGHTINGALE,5,2018,SWD,6,563,6,100.0,0,0.0,0,0.0,0,0.0,0,0.0
01M110,P.S. 110 FLORENCE NIGHTINGALE,5,2019,SWD,5,s,s,s,s,s,s,s,s,s,s,s
01M110,P.S. 110 FLORENCE NIGHTINGALE,All Grades,2013,SWD,23,264,17,73.9,3,13.0,3,13.0,0,0.0,3,13.0
01M110,P.S. 110 FLORENCE NIGHTINGALE,All Grades,2014,SWD,31,257,28,90.3,1,3.2,0,0.0,2,6.5,2,6.5
01M110,P.S. 110 FLORENCE NIGHTINGALE,All Grades,2015,SWD,27,262,19,70.4,6,22.2,1,3.7,1,3.7,2,7.4
01M110,P.S. 110 FLORENCE NIGHTINGALE,All Grades,2016,SWD,27,268,21,77.8,5,18.5,0,0.0,1,3.7,1,3.7
01M110,P.S. 110 FLORENCE NIGHTINGALE,All Grades,2017,SWD,15,277,9,60.0,6,40.0,0,0.0,0,0.0,0,0.0
01M110,P.S. 110 FLORENCE NIGHTINGALE,All Grades,2018,SWD,22,584,11,50.0,5,22.7,4,18.2,2,9.1,6,27.3
01M110,P.S. 110 FLORENCE NIGHTINGALE,All Grades,2019,SWD,18,594,5,27.8,9,50.0,3,16.7,1,5.6,4,22.2
01M134,P.S. 134 HENRIETTA SZOLD,3,2013,Not SWD,43,297,14,32.6,24,55.8,5,11.6,0,0.0,5,11.6
01M134,P.S. 134 HENRIETTA SZOLD,3,2014,Not SWD,35,301,9,25.7,17,48.6,9,25.7,0,0.0,9,25.7
01M134,P.S. 134 HENRIETTA SZOLD,3,2015,Not SWD,27,304,6,22.2,14,51.9,6,22.2,1,3.7,7,25.9
01M134,P.S. 134 HENRIETTA SZOLD,3,2016,Not SWD,27,304,7,25.9,12,44.4,8,29.6,0,0.0,8,29.6
01M134,P.S. 134 HENRIETTA SZOLD,3,2017,Not SWD,29,302,7,24.1,11,37.9,11,37.9,0,0.0,11,37.9
01M134,P.S. 134 HENRIETTA SZOLD,3,2018,Not SWD,28,602,1,3.6,12,42.9,14,50.0,1,3.6,15,53.6
01M134,P.S. 134 HENRIETTA SZOLD,3,2019,Not SWD,27,601,0,0.0,12,44.4,14,51.9,1,3.7,15,55.6
01M134,P.S. 134 HENRIETTA SZOLD,4,2013,Not SWD,44,291,16,36.4,21,47.7,6,13.6,1,2.3,7,15.9
01M134,P.S. 134 HENRIETTA SZOLD,4,2014,Not SWD,36,295,9,25.0,22,61.1,5,13.9,0,0.0,5,13.9
01M134,P.S. 134 HENRIETTA SZOLD,4,2015,Not SWD,29,293,8,27.6,15,51.7,6,20.7,0,0.0,6,20.7
01M134,P.S. 134 HENRIETTA SZOLD,4,2016,Not SWD,28,303,10,35.7,9,32.1,6,21.4,3,10.7,9,32.1
01M134,P.S. 134 HENRIETTA SZOLD,4,2017,Not SWD,32,305,4,12.5,18,56.3,9,28.1,1,3.1,10,31.3
01M134,P.S. 134 HENRIETTA SZOLD,4,2018,Not SWD,26,601,2,7.7,11,42.3,10,38.5,3,11.5,13,50.0
01M134,P.S. 134 HENRIETTA SZOLD,4,2019,Not SWD,29,604,1,3.4,10,34.5,12,41.4,6,20.7,18,62.1
01M134,P.S. 134 HENRIETTA SZOLD,5,2013,Not SWD,32,292,14,43.8,15,46.9,3,9.4,0,0.0,3,9.4
01M134,P.S. 134 HENRIETTA SZOLD,5,2014,Not SWD,39,297,11,28.2,23,59.0,4,10.3,1,2.6,5,12.8
01M134,P.S. 134 HENRIETTA SZOLD,5,2015,Not SWD,34,s,s,s,s,s,s,s,s,s,s,s
01M134,P.S. 134 HENRIETTA SZOLD,5,2016,Not SWD,25,318,4,16.0,6,24.0,11,44.0,4,16.0,15,60.0
01M134,P.S. 134 HENRIETTA SZOLD,5,2017,Not SWD,43,296,14,32.6,20,46.5,6,14.0,3,7.0,9,20.9
01M134,P.S. 134 HENRIETTA SZOLD,5,2018,Not SWD,29,602,5,17.2,15,51.7,7,24.1,2,6.9,9,31.0
01M134,P.S. 134 HENRIETTA SZOLD,5,2019,Not SWD,25,603,5,20.0,10,40.0,10,40.0,0,0.0,10,40.0
01M134,P.S. 134 HENRIETTA SZOLD,All Grades,2013,Not SWD,119,293,44,37.0,60,50.4,14,11.8,1,0.8,15,12.6
01M134,P.S. 134 HENRIETTA SZOLD,All Grades,2014,Not SWD,110,298,29,26.4,62,56.4,18,16.4,1,0.9,19,17.3
01M134,P.S. 134 HENRIETTA SZOLD,All Grades,2015,Not SWD,90,298,25,27.8,46,51.1,17,18.9,2,2.2,19,21.1
01M134,P.S. 134 HENRIETTA SZOLD,All Grades,2016,Not SWD,80,308,21,26.3,27,33.8,25,31.3,7,8.8,32,40.0
01M134,P.S. 134 HENRIETTA SZOLD,All Grades,2017,Not SWD,104,300,25,24.0,49,47.1,26,25.0,4,3.8,30,28.8
01M134,P.S. 134 HENRIETTA SZOLD,All Grades,2018,Not SWD,83,602,8,9.6,38,45.8,31,37.3,6,7.2,37,44.6
01M134,P.S. 134 HENRIETTA SZOLD,All Grades,2019,Not SWD,81,603,6,7.4,32,39.5,36,44.4,7,8.6,43,53.1
01M134,P.S. 134 HENRIETTA SZOLD,3,2013,SWD,7,262,6,85.7,1,14.3,0,0.0,0,0.0,0,0.0
01M134,P.S. 134 HENRIETTA SZOLD,3,2014,SWD,9,260,9,100.0,0,0.0,0,0.0,0,0.0,0,0.0
01M134,P.S. 134 HENRIETTA SZOLD,3,2015,SWD,16,243,13,81.3,2,12.5,1,6.3,0,0.0,1,6.3
01M134,P.S. 134 HENRIETTA SZOLD,3,2016,SWD,8,266,5,62.5,3,37.5,0,0.0,0,0.0,0,0.0
01M134,P.S. 134 HENRIETTA SZOLD,3,2017,SWD,21,269,15,71.4,5,23.8,1,4.8,0,0.0,1,4.8
01M134,P.S. 134 HENRIETTA SZOLD,3,2018,SWD,19,586,7,36.8,7,36.8,5,26.3,0,0.0,5,26.3
01M134,P.S. 134 HENRIETTA SZOLD,3,2019,SWD,11,586,4,36.4,5,45.5,2,18.2,0,0.0,2,18.2
01M134,P.S. 134 HENRIETTA SZOLD,4,2013,SWD,15,284,9,60.0,5,33.3,1,6.7,0,0.0,1,6.7
01M134,P.S. 134 HENRIETTA SZOLD,4,2014,SWD,6,270,5,83.3,1,16.7,0,0.0,0,0.0,0,0.0
01M134,P.S. 134 HENRIETTA SZOLD,4,2015,SWD,6,258,5,83.3,1,16.7,0,0.0,0,0.0,0,0.0
01M134,P.S. 134 HENRIETTA SZOLD,4,2016,SWD,15,264,11,73.3,4,26.7,0,0.0,0,0.0,0,0.0
01M134,P.S. 134 HENRIETTA SZOLD,4,2017,SWD,16,272,12,75.0,4,25.0,0,0.0,0,0.0,0,0.0
01M134,P.S. 134 HENRIETTA SZOLD,4,2018,SWD,21,579,12,57.1,7,33.3,1,4.8,1,4.8,2,9.5
01M134,P.S. 134 HENRIETTA SZOLD,4,2019,SWD,18,582,9,50.0,6,33.3,3,16.7,0,0.0,3,16.7
01M134,P.S. 134 HENRIETTA SZOLD,5,2013,SWD,6,276,4,66.7,2,33.3,0,0.0,0,0.0,0,0.0
01M134,P.S. 134 HENRIETTA SZOLD,5,2014,SWD,13,274,7,53.8,6,46.2,0,0.0,0,0.0,0,0.0
01M134,P.S. 134 HENRIETTA SZOLD,5,2015,SWD,5,s,s,s,s,s,s,s,s,s,s,s
01M134,P.S. 134 HENRIETTA SZOLD,5,2016,SWD,9,292,2,22.2,6,66.7,0,0.0,1,11.1,1,11.1
01M134,P.S. 134 HENRIETTA SZOLD,5,2017,SWD,21,254,21,100.0,0,0.0,0,0.0,0,0.0,0,0.0
01M134,P.S. 134 HENRIETTA SZOLD,5,2018,SWD,20,575,19,95.0,1,5.0,0,0.0,0,0.0,0,0.0
01M134,P.S. 134 HENRIETTA SZOLD,5,2019,SWD,22,582,17,77.3,3,13.6,2,9.1,0,0.0,2,9.1
01M134,P.S. 134 HENRIETTA SZOLD,All Grades,2013,SWD,28,277,19,67.9,8,28.6,1,3.6,0,0.0,1,3.6
01M134,P.S. 134 HENRIETTA SZOLD,All Grades,2014,SWD,28,269,21,75.0,7,25.0,0,0.0,0,0.0,0,0.0
01M134,P.S. 134 HENRIETTA SZOLD,All Grades,2015,SWD,27,254,21,77.8,5,18.5,1,3.7,0,0.0,1,3.7
01M134,P.S. 134 HENRIETTA SZOLD,All Grades,2016,SWD,32,273,18,56.3,13,40.6,0,0.0,1,3.1,1,3.1
01M134,P.S. 134 HENRIETTA SZOLD,All Grades,2017,SWD,58,264,48,82.8,9,15.5,1,1.7,0,0.0,1,1.7
01M134,P.S. 134 HENRIETTA SZOLD,All Grades,2018,SWD,60,580,38,63.3,15,25.0,6,10.0,1,1.7,7,11.7
01M134,P.S. 134 HENRIETTA SZOLD,All Grades,2019,SWD,51,583,30,58.8,14,27.5,7,13.7,0,0.0,7,13.7
01M140,P.S. 140 NATHAN STRAUS,3,2013,Not SWD,25,292,12,48.0,11,44.0,2,8.0,0,0.0,2,8.0
01M140,P.S. 140 NATHAN STRAUS,3,2014,Not SWD,14,280,7,50.0,7,50.0,0,0.0,0,0.0,0,0.0
01M140,P.S. 140 NATHAN STRAUS,3,2015,Not SWD,20,293,9,45.0,7,35.0,4,20.0,0,0.0,4,20.0
01M140,P.S. 140 NATHAN STRAUS,3,2016,Not SWD,21,301,7,33.3,9,42.9,5,23.8,0,0.0,5,23.8
01M140,P.S. 140 NATHAN STRAUS,3,2017,Not SWD,17,293,9,52.9,3,17.6,4,23.5,1,5.9,5,29.4
01M140,P.S. 140 NATHAN STRAUS,3,2018,Not SWD,15,s,s,s,s,s,s,s,s,s,s,s
01M140,P.S. 140 NATHAN STRAUS,3,2019,Not SWD,14,s,s,s,s,s,s,s,s,s,s,s
01M140,P.S. 140 NATHAN STRAUS,4,2013,Not SWD,17,295,7,41.2,8,47.1,1,5.9,1,5.9,2,11.8
01M140,P.S. 140 NATHAN STRAUS,4,2014,Not SWD,24,296,6,25.0,16,66.7,2,8.3,0,0.0,2,8.3
01M140,P.S. 140 NATHAN STRAUS,4,2015,Not SWD,12,282,6,50.0,6,50.0,0,0.0,0,0.0,0,0.0
01M140,P.S. 140 NATHAN STRAUS,4,2016,Not SWD,21,291,10,47.6,10,47.6,1,4.8,0,0.0,1,4.8
01M140,P.S. 140 NATHAN STRAUS,4,2017,Not SWD,23,290,11,47.8,11,47.8,0,0.0,1,4.3,1,4.3
01M140,P.S. 140 NATHAN STRAUS,4,2018,Not SWD,14,589,5,35.7,6,42.9,3,21.4,0,0.0,3,21.4
01M140,P.S. 140 NATHAN STRAUS,4,2019,Not SWD,12,s,s,s,s,s,s,s,s,s,s,s
01M140,P.S. 140 NATHAN STRAUS,5,2013,Not SWD,20,s,s,s,s,s,s,s,s,s,s,s
01M140,P.S. 140 NATHAN STRAUS,5,2014,Not SWD,14,295,6,42.9,7,50.0,1,7.1,0,0.0,1,7.1
01M140,P.S. 140 NATHAN STRAUS,5,2015,Not SWD,18,290,7,38.9,10,55.6,0,0.0,1,5.6,1,5.6
01M140,P.S. 140 NATHAN STRAUS,5,2016,Not SWD,9,306,1,11.1,5,55.6,3,33.3,0,0.0,3,33.3
01M140,P.S. 140 NATHAN STRAUS,5,2017,Not SWD,21,306,6,28.6,7,33.3,6,28.6,2,9.5,8,38.1
01M140,P.S. 140 NATHAN STRAUS,5,2018,Not SWD,20,s,s,s,s,s,s,s,s,s,s,s
01M140,P.S. 140 NATHAN STRAUS,5,2019,Not SWD,14,s,s,s,s,s,s,s,s,s,s,s
01M140,P.S. 140 NATHAN STRAUS,6,2013,Not SWD,43,294,13,30.2,25,58.1,5,11.6,0,0.0,5,11.6
01M140,P.S. 140 NATHAN STRAUS,6,2014,Not SWD,45,290,16,35.6,24,53.3,2,4.4,3,6.7,5,11.1
01M140,P.S. 140 NATHAN STRAUS,6,2015,Not SWD,29,286,13,44.8,13,44.8,3,10.3,0,0.0,3,10.3
01M140,P.S. 140 NATHAN STRAUS,6,2016,Not SWD,38,299,5,13.2,28,73.7,5,13.2,0,0.0,5,13.2
01M140,P.S. 140 NATHAN STRAUS,6,2017,Not SWD,35,306,4,11.4,21,60.0,7,20.0,3,8.6,10,28.6
01M140,P.S. 140 NATHAN STRAUS,6,2018,Not SWD,40,601,6,15.0,14,35.0,12,30.0,8,20.0,20,50.0
01M140,P.S. 140 NATHAN STRAUS,6,2019,Not SWD,35,600,4,11.4,16,45.7,8,22.9,7,20.0,15,42.9
01M140,P.S. 140 NATHAN STRAUS,7,2013,Not SWD,45,286,23,51.1,19,42.2,2,4.4,1,2.2,3,6.7
01M140,P.S. 140 NATHAN STRAUS,7,2014,Not SWD,41,303,8,19.5,21,51.2,12,29.3,0,0.0,12,29.3
01M140,P.S. 140 NATHAN STRAUS,7,2015,Not SWD,44,291,16,36.4,19,43.2,9,20.5,0,0.0,9,20.5
01M140,P.S. 140 NATHAN STRAUS,7,2016,Not SWD,30,303,6,20.0,17,56.7,6,20.0,1,3.3,7,23.3
01M140,P.S. 140 NATHAN STRAUS,7,2017,Not SWD,41,303,3,7.3,26,63.4,11,26.8,1,2.4,12,29.3
01M140,P.S. 140 NATHAN STRAUS,7,2018,Not SWD,34,598,10,29.4,15,44.1,8,23.5,1,2.9,9,26.5
01M140,P.S. 140 NATHAN STRAUS,7,2019,Not SWD,41,599,13,31.7,11,26.8,14,34.1,3,7.3,17,41.5
01M140,P.S. 140 NATHAN STRAUS,8,2013,Not SWD,37,292,16,43.2,14,37.8,6,16.2,1,2.7,7,18.9
01M140,P.S. 140 NATHAN STRAUS,8,2014,Not SWD,44,291,14,31.8,25,56.8,4,9.1,1,2.3,5,11.4
01M140,P.S. 140 NATHAN STRAUS,8,2015,Not SWD,46,298,8,17.4,25,54.3,11,23.9,2,4.3,13,28.3
01M140,P.S. 140 NATHAN STRAUS,8,2016,Not SWD,50,309,3,6.0,27,54.0,17,34.0,3,6.0,20,40.0
01M140,P.S. 140 NATHAN STRAUS,8,2017,Not SWD,37,316,1,2.7,17,45.9,16,43.2,3,8.1,19,51.4
01M140,P.S. 140 NATHAN STRAUS,8,2018,Not SWD,44,600,3,6.8,24,54.5,12,27.3,5,11.4,17,38.6
01M140,P.S. 140 NATHAN STRAUS,8,2019,Not SWD,36,596,5,13.9,19,52.8,8,22.2,4,11.1,12,33.3
01M140,P.S. 140 NATHAN STRAUS,All Grades,2013,Not SWD,187,290,83,44.4,85,45.5,16,8.6,3,1.6,19,10.2
01M140,P.S. 140 NATHAN STRAUS,All Grades,2014,Not SWD,182,294,57,31.3,100,54.9,21,11.5,4,2.2,25,13.7
01M140,P.S. 140 NATHAN STRAUS,All Grades,2015,Not SWD,169,292,59,34.9,80,47.3,27,16.0,3,1.8,30,17.8
01M140,P.S. 140 NATHAN STRAUS,All Grades,2016,Not SWD,169,302,32,18.9,96,56.8,37,21.9,4,2.4,41,24.3
01M140,P.S. 140 NATHAN STRAUS,All Grades,2017,Not SWD,174,304,34,19.5,85,48.9,44,25.3,11,6.3,55,31.6
01M140,P.S. 140 NATHAN STRAUS,All Grades,2018,Not SWD,167,598,34,20.4,78,46.7,40,24.0,15,9.0,55,32.9
01M140,P.S. 140 NATHAN STRAUS,All Grades,2019,Not SWD,152,597,35,23.0,63,41.4,38,25.0,16,10.5,54,35.5
01M140,P.S. 140 NATHAN STRAUS,3,2013,SWD,6,274,5,83.3,1,16.7,0,0.0,0,0.0,0,0.0
01M140,P.S. 140 NATHAN STRAUS,3,2014,SWD,13,247,12,92.3,1,7.7,0,0.0,0,0.0,0,0.0
01M140,P.S. 140 NATHAN STRAUS,3,2015,SWD,7,251,7,100.0,0,0.0,0,0.0,0,0.0,0,0.0
01M140,P.S. 140 NATHAN STRAUS,3,2016,SWD,7,278,4,57.1,3,42.9,0,0.0,0,0.0,0,0.0
01M140,P.S. 140 NATHAN STRAUS,3,2017,SWD,8,279,5,62.5,2,25.0,1,12.5,0,0.0,1,12.5
01M140,P.S. 140 NATHAN STRAUS,3,2018,SWD,5,s,s,s,s,s,s,s,s,s,s,s
01M140,P.S. 140 NATHAN STRAUS,3,2019,SWD,3,s,s,s,s,s,s,s,s,s,s,s
01M140,P.S. 140 NATHAN STRAUS,4,2013,SWD,7,264,5,71.4,2,28.6,0,0.0,0,0.0,0,0.0
01M140,P.S. 140 NATHAN STRAUS,4,2014,SWD,7,276,3,42.9,4,57.1,0,0.0,0,0.0,0,0.0
01M140,P.S. 140 NATHAN STRAUS,4,2015,SWD,12,259,9,75.0,2,16.7,1,8.3,0,0.0,1,8.3
01M140,P.S. 140 NATHAN STRAUS,4,2016,SWD,10,268,7,70.0,3,30.0,0,0.0,0,0.0,0,0.0
01M140,P.S. 140 NATHAN STRAUS,4,2017,SWD,6,269,5,83.3,1,16.7,0,0.0,0,0.0,0,0.0
01M140,P.S. 140 NATHAN STRAUS,4,2018,SWD,6,586,1,16.7,5,83.3,0,0.0,0,0.0,0,0.0
01M140,P.S. 140 NATHAN STRAUS,4,2019,SWD,5,s,s,s,s,s,s,s,s,s,s,s
01M140,P.S. 140 NATHAN STRAUS,5,2013,SWD,5,s,s,s,s,s,s,s,s,s,s,s
01M140,P.S. 140 NATHAN STRAUS,5,2014,SWD,10,250,8,80.0,2,20.0,0,0.0,0,0.0,0,0.0
01M140,P.S. 140 NATHAN STRAUS,5,2015,SWD,7,265,6,85.7,1,14.3,0,0.0,0,0.0,0,0.0
01M140,P.S. 140 NATHAN STRAUS,5,2016,SWD,12,255,11,91.7,0,0.0,1,8.3,0,0.0,1,8.3
01M140,P.S. 140 NATHAN STRAUS,5,2017,SWD,8,262,6,75.0,2,25.0,0,0.0,0,0.0,0,0.0
01M140,P.S. 140 NATHAN STRAUS,5,2018,SWD,5,s,s,s,s,s,s,s,s,s,s,s
01M140,P.S. 140 NATHAN STRAUS,5,2019,SWD,5,s,s,s,s,s,s,s,s,s,s,s
01M140,P.S. 140 NATHAN STRAUS,6,2013,SWD,15,256,11,73.3,4,26.7,0,0.0,0,0.0,0,0.0
01M140,P.S. 140 NATHAN STRAUS,6,2014,SWD,12,261,8,66.7,4,33.3,0,0.0,0,0.0,0,0.0
01M140,P.S. 140 NATHAN STRAUS,6,2015,SWD,19,271,14,73.7,4,21.1,0,0.0,1,5.3,1,5.3
01M140,P.S. 140 NATHAN STRAUS,6,2016,SWD,16,268,11,68.8,5,31.3,0,0.0,0,0.0,0,0.0
01M140,P.S. 140 NATHAN STRAUS,6,2017,SWD,13,265,10,76.9,3,23.1,0,0.0,0,0.0,0,0.0
01M140,P.S. 140 NATHAN STRAUS,6,2018,SWD,17,583,10,58.8,5,29.4,1,5.9,1,5.9,2,11.8
01M140,P.S. 140 NATHAN STRAUS,6,2019,SWD,17,566,16,94.1,1,5.9,0,0.0,0,0.0,0,0.0
01M140,P.S. 140 NATHAN STRAUS,7,2013,SWD,18,263,15,83.3,3,16.7,0,0.0,0,0.0,0,0.0
01M140,P.S. 140 NATHAN STRAUS,7,2014,SWD,14,261,10,71.4,3,21.4,1,7.1,0,0.0,1,7.1
01M140,P.S. 140 NATHAN STRAUS,7,2015,SWD,10,271,8,80.0,2,20.0,0,0.0,0,0.0,0,0.0
01M140,P.S. 140 NATHAN STRAUS,7,2016,SWD,17,283,8,47.1,8,47.1,0,0.0,1,5.9,1,5.9
01M140,P.S. 140 NATHAN STRAUS,7,2017,SWD,14,281,6,42.9,7,50.0,1,7.1,0,0.0,1,7.1
01M140,P.S. 140 NATHAN STRAUS,7,2018,SWD,14,581,10,71.4,4,28.6,0,0.0,0,0.0,0,0.0
01M140,P.S. 140 NATHAN STRAUS,7,2019,SWD,19,582,11,57.9,6,31.6,2,10.5,0,0.0,2,10.5
01M140,P.S. 140 NATHAN STRAUS,8,2013,SWD,15,251,13,86.7,2,13.3,0,0.0,0,0.0,0,0.0
01M140,P.S. 140 NATHAN STRAUS,8,2014,SWD,17,274,12,70.6,5,29.4,0,0.0,0,0.0,0,0.0
01M140,P.S. 140 NATHAN STRAUS,8,2015,SWD,12,262,9,75.0,2,16.7,1,8.3,0,0.0,1,8.3
01M140,P.S. 140 NATHAN STRAUS,8,2016,SWD,11,280,6,54.5,4,36.4,1,9.1,0,0.0,1,9.1
01M140,P.S. 140 NATHAN STRAUS,8,2017,SWD,18,286,7,38.9,10,55.6,1,5.6,0,0.0,1,5.6
01M140,P.S. 140 NATHAN STRAUS,8,2018,SWD,13,588,4,30.8,8,61.5,1,7.7,0,0.0,1,7.7
01M140,P.S. 140 NATHAN STRAUS,8,2019,SWD,15,586,4,26.7,10,66.7,1,6.7,0,0.0,1,6.7
01M140,P.S. 140 NATHAN STRAUS,All Grades,2013,SWD,66,261,53,80.3,13,19.7,0,0.0,0,0.0,0,0.0
01M140,P.S. 140 NATHAN STRAUS,All Grades,2014,SWD,73,261,53,72.6,19,26.0,1,1.4,0,0.0,1,1.4
01M140,P.S. 140 NATHAN STRAUS,All Grades,2015,SWD,67,264,53,79.1,11,16.4,2,3.0,1,1.5,3,4.5
01M140,P.S. 140 NATHAN STRAUS,All Grades,2016,SWD,73,272,47,64.4,23,31.5,2,2.7,1,1.4,3,4.1
01M140,P.S. 140 NATHAN STRAUS,All Grades,2017,SWD,67,276,39,58.2,25,37.3,3,4.5,0,0.0,3,4.5
01M140,P.S. 140 NATHAN STRAUS,All Grades,2018,SWD,60,582,34,56.7,23,38.3,2,3.3,1,1.7,3,5.0
01M140,P.S. 140 NATHAN STRAUS,All Grades,2019,SWD,64,577,41,64.1,20,31.3,3,4.7,0,0.0,3,4.7
01M142,P.S. 142 AMALIA CASTRO,3,2013,Not SWD,47,299,17,36.2,19,40.4,11,23.4,0,0.0,11,23.4
01M142,P.S. 142 AMALIA CASTRO,3,2014,Not SWD,33,286,16,48.5,15,45.5,2,6.1,0,0.0,2,6.1
01M142,P.S. 142 AMALIA CASTRO,3,2015,Not SWD,46,293,20,43.5,18,39.1,8,17.4,0,0.0,8,17.4
01M142,P.S. 142 AMALIA CASTRO,3,2016,Not SWD,26,311,6,23.1,11,42.3,8,30.8,1,3.8,9,34.6
01M142,P.S. 142 AMALIA CASTRO,3,2017,Not SWD,27,311,4,14.8,11,40.7,11,40.7,1,3.7,12,44.4
01M142,P.S. 142 AMALIA CASTRO,3,2018,Not SWD,23,601,2,8.7,7,30.4,14,60.9,0,0.0,14,60.9
01M142,P.S. 142 AMALIA CASTRO,3,2019,Not SWD,28,600,0,0.0,12,42.9,16,57.1,0,0.0,16,57.1
01M142,P.S. 142 AMALIA CASTRO,4,2013,Not SWD,42,299,11,26.2,23,54.8,8,19.0,0,0.0,8,19.0
01M142,P.S. 142 AMALIA CASTRO,4,2014,Not SWD,46,297,15,32.6,21,45.7,7,15.2,3,6.5,10,21.7
01M142,P.S. 142 AMALIA CASTRO,4,2015,Not SWD,32,292,7,21.9,22,68.8,3,9.4,0,0.0,3,9.4
01M142,P.S. 142 AMALIA CASTRO,4,2016,Not SWD,45,301,13,28.9,24,53.3,4,8.9,4,8.9,8,17.8
01M142,P.S. 142 AMALIA CASTRO,4,2017,Not SWD,25,319,1,4.0,11,44.0,9,36.0,4,16.0,13,52.0
01M142,P.S. 142 AMALIA CASTRO,4,2018,Not SWD,23,601,2,8.7,10,43.5,9,39.1,2,8.7,11,47.8
01M142,P.S. 142 AMALIA CASTRO,4,2019,Not SWD,24,s,s,s,s,s,s,s,s,s,s,s
01M142,P.S. 142 AMALIA CASTRO,5,2013,Not SWD,43,290,21,48.8,18,41.9,3,7.0,1,2.3,4,9.3
01M142,P.S. 142 AMALIA CASTRO,5,2014,Not SWD,35,291,13,37.1,19,54.3,3,8.6,0,0.0,3,8.6
01M142,P.S. 142 AMALIA CASTRO,5,2015,Not SWD,43,292,16,37.2,22,51.2,5,11.6,0,0.0,5,11.6
01M142,P.S. 142 AMALIA CASTRO,5,2016,Not SWD,32,304,7,21.9,17,53.1,7,21.9,1,3.1,8,25.0
01M142,P.S. 142 AMALIA CASTRO,5,2017,Not SWD,45,300,13,28.9,23,51.1,6,13.3,3,6.7,9,20.0
01M142,P.S. 142 AMALIA CASTRO,5,2018,Not SWD,23,601,6,26.1,10,43.5,4,17.4,3,13.0,7,30.4
01M142,P.S. 142 AMALIA CASTRO,5,2019,Not SWD,26,598,12,46.2,6,23.1,5,19.2,3,11.5,8,30.8
01M142,P.S. 142 AMALIA CASTRO,All Grades,2013,Not SWD,132,296,49,37.1,60,45.5,22,16.7,1,0.8,23,17.4
01M142,P.S. 142 AMALIA CASTRO,All Grades,2014,Not SWD,114,292,44,38.6,55,48.2,12,10.5,3,2.6,15,13.2
01M142,P.S. 142 AMALIA CASTRO,All Grades,2015,Not SWD,121,292,43,35.5,62,51.2,16,13.2,0,0.0,16,13.2
01M142,P.S. 142 AMALIA CASTRO,All Grades,2016,Not SWD,103,305,26,25.2,52,50.5,19,18.4,6,5.8,25,24.3
01M142,P.S. 142 AMALIA CASTRO,All Grades,2017,Not SWD,97,308,18,18.6,45,46.4,26,26.8,8,8.2,34,35.1
01M142,P.S. 142 AMALIA CASTRO,All Grades,2018,Not SWD,69,601,10,14.5,27,39.1,27,39.1,5,7.2,32,46.4
01M142,P.S. 142 AMALIA CASTRO,All Grades,2019,Not SWD,78,600,16,20.5,23,29.5,35,44.9,4,5.1,39,50.0
01M142,P.S. 142 AMALIA CASTRO,3,2013,SWD,12,261,10,83.3,1,8.3,1,8.3,0,0.0,1,8.3
01M142,P.S. 142 AMALIA CASTRO,3,2014,SWD,14,258,12,85.7,2,14.3,0,0.0,0,0.0,0,0.0
01M142,P.S. 142 AMALIA CASTRO,3,2015,SWD,15,257,14,93.3,0,0.0,1,6.7,0,0.0,1,6.7
01M142,P.S. 142 AMALIA CASTRO,3,2016,SWD,14,270,12,85.7,1,7.1,1,7.1,0,0.0,1,7.1
01M142,P.S. 142 AMALIA CASTRO,3,2017,SWD,7,310,1,14.3,3,42.9,3,42.9,0,0.0,3,42.9
01M142,P.S. 142 AMALIA CASTRO,3,2018,SWD,6,599,1,16.7,2,33.3,3,50.0,0,0.0,3,50.0
01M142,P.S. 142 AMALIA CASTRO,3,2019,SWD,9,596,0,0.0,6,66.7,3,33.3,0,0.0,3,33.3
01M142,P.S. 142 AMALIA CASTRO,4,2013,SWD,12,265,10,83.3,2,16.7,0,0.0,0,0.0,0,0.0
01M142,P.S. 142 AMALIA CASTRO,4,2014,SWD,11,271,9,81.8,1,9.1,1,9.1,0,0.0,1,9.1
01M142,P.S. 142 AMALIA CASTRO,4,2015,SWD,14,266,10,71.4,4,28.6,0,0.0,0,0.0,0,0.0
01M142,P.S. 142 AMALIA CASTRO,4,2016,SWD,13,278,9,69.2,3,23.1,1,7.7,0,0.0,1,7.7
01M142,P.S. 142 AMALIA CASTRO,4,2017,SWD,9,291,3,33.3,5,55.6,1,11.1,0,0.0,1,11.1
01M142,P.S. 142 AMALIA CASTRO,4,2018,SWD,12,588,3,25.0,6,50.0,3,25.0,0,0.0,3,25.0
01M142,P.S. 142 AMALIA CASTRO,4,2019,SWD,4,s,s,s,s,s,s,s,s,s,s,s
01M142,P.S. 142 AMALIA CASTRO,5,2013,SWD,11,281,8,72.7,3,27.3,0,0.0,0,0.0,0,0.0
01M142,P.S. 142 AMALIA CASTRO,5,2014,SWD,14,265,12,85.7,2,14.3,0,0.0,0,0.0,0,0.0
01M142,P.S. 142 AMALIA CASTRO,5,2015,SWD,13,256,11,84.6,2,15.4,0,0.0,0,0.0,0,0.0
01M142,P.S. 142 AMALIA CASTRO,5,2016,SWD,14,258,12,85.7,2,14.3,0,0.0,0,0.0,0,0.0
01M142,P.S. 142 AMALIA CASTRO,5,2017,SWD,15,273,10,66.7,3,20.0,2,13.3,0,0.0,2,13.3
01M142,P.S. 142 AMALIA CASTRO,5,2018,SWD,12,574,10,83.3,2,16.7,0,0.0,0,0.0,0,0.0
01M142,P.S. 142 AMALIA CASTRO,5,2019,SWD,13,583,9,69.2,3,23.1,1,7.7,0,0.0,1,7.7
01M142,P.S. 142 AMALIA CASTRO,All Grades,2013,SWD,35,269,28,80.0,6,17.1,1,2.9,0,0.0,1,2.9
01M142,P.S. 142 AMALIA CASTRO,All Grades,2014,SWD,39,264,33,84.6,5,12.8,1,2.6,0,0.0,1,2.6
01M142,P.S. 142 AMALIA CASTRO,All Grades,2015,SWD,42,260,35,83.3,6,14.3,1,2.4,0,0.0,1,2.4
01M142,P.S. 142 AMALIA CASTRO,All Grades,2016,SWD,41,268,33,80.5,6,14.6,2,4.9,0,0.0,2,4.9
01M142,P.S. 142 AMALIA CASTRO,All Grades,2017,SWD,31,286,14,45.2,11,35.5,6,19.4,0,0.0,6,19.4
01M142,P.S. 142 AMALIA CASTRO,All Grades,2018,SWD,30,585,14,46.7,10,33.3,6,20.0,0,0.0,6,20.0
01M142,P.S. 142 AMALIA CASTRO,All Grades,2019,SWD,26,589,10,38.5,11,42.3,5,19.2,0,0.0,5,19.2
01M184,P.S. 184M SHUANG WEN,3,2013,Not SWD,75,316,11,14.7,27,36.0,32,42.7,5,6.7,37,49.3
01M184,P.S. 184M SHUANG WEN,3,2014,Not SWD,70,s,s,s,s,s,s,s,s,s,s,s
01M184,P.S. 184M SHUANG WEN,3,2015,Not SWD,52,319,6,11.5,19,36.5,22,42.3,5,9.6,27,51.9
01M184,P.S. 184M SHUANG WEN,3,2016,Not SWD,54,s,s,s,s,s,s,s,s,s,s,s
01M184,P.S. 184M SHUANG WEN,3,2017,Not SWD,52,327,1,1.9,15,28.8,30,57.7,6,11.5,36,69.2
01M184,P.S. 184M SHUANG WEN,3,2018,Not SWD,55,611,2,3.6,10,18.2,36,65.5,7,12.7,43,78.2
01M184,P.S. 184M SHUANG WEN,3,2019,Not SWD,41,611,2,4.9,8,19.5,23,56.1,8,19.5,31,75.6
01M184,P.S. 184M SHUANG WEN,4,2013,Not SWD,69,s,s,s,s,s,s,s,s,s,s,s
01M184,P.S. 184M SHUANG WEN,4,2014,Not SWD,75,330,4,5.3,19,25.3,26,34.7,26,34.7,52,69.3
01M184,P.S. 184M SHUANG WEN,4,2015,Not SWD,63,s,s,s,s,s,s,s,s,s,s,s
01M184,P.S. 184M SHUANG WEN,4,2016,Not SWD,46,320,1,2.2,17,37.0,22,47.8,6,13.0,28,60.9
01M184,P.S. 184M SHUANG WEN,4,2017,Not SWD,49,s,s,s,s,s,s,s,s,s,s,s
01M184,P.S. 184M SHUANG WEN,4,2018,Not SWD,49,615,2,4.1,7,14.3,20,40.8,20,40.8,40,81.6
01M184,P.S. 184M SHUANG WEN,4,2019,Not SWD,54,615,2,3.7,5,9.3,25,46.3,22,40.7,47,87.0
01M184,P.S. 184M SHUANG WEN,5,2013,Not SWD,54,s,s,s,s,s,s,s,s,s,s,s
01M184,P.S. 184M SHUANG WEN,5,2014,Not SWD,61,s,s,s,s,s,s,s,s,s,s,s
01M184,P.S. 184M SHUANG WEN,5,2015,Not SWD,65,336,2,3.1,14,21.5,22,33.8,27,41.5,49,75.4
01M184,P.S. 184M SHUANG WEN,5,2016,Not SWD,59,s,s,s,s,s,s,s,s,s,s,s
01M184,P.S. 184M SHUANG WEN,5,2017,Not SWD,48,325,3,6.3,15,31.3,19,39.6,11,22.9,30,62.5
01M184,P.S. 184M SHUANG WEN,5,2018,Not SWD,46,s,s,s,s,s,s,s,s,s,s,s
01M184,P.S. 184M SHUANG WEN,5,2019,Not SWD,50,608,8,16.0,11,22.0,19,38.0,12,24.0,31,62.0
01M184,P.S. 184M SHUANG WEN,6,2013,Not SWD,54,s,s,s,s,s,s,s,s,s,s,s
01M184,P.S. 184M SHUANG WEN,6,2014,Not SWD,37,s,s,s,s,s,s,s,s,s,s,s
01M184,P.S. 184M SHUANG WEN,6,2015,Not SWD,53,335,0,0.0,12,22.6,15,28.3,26,49.1,41,77.4
01M184,P.S. 184M SHUANG WEN,6,2016,Not SWD,61,335,0,0.0,13,21.3,20,32.8,28,45.9,48,78.7
01M184,P.S. 184M SHUANG WEN,6,2017,Not SWD,64,320,3,4.7,27,42.2,18,28.1,16,25.0,34,53.1
01M184,P.S. 184M SHUANG WEN,6,2018,Not SWD,69,616,4,5.8,8,11.6,17,24.6,40,58.0,57,82.6
01M184,P.S. 184M SHUANG WEN,6,2019,Not SWD,77,618,3,3.9,7,9.1,8,10.4,59,76.6,67,87.0
01M184,P.S. 184M SHUANG WEN,7,2013,Not SWD,55,s,s,s,s,s,s,s,s,s,s,s
01M184,P.S. 184M SHUANG WEN,7,2014,Not SWD,56,s,s,s,s,s,s,s,s,s,s,s
01M184,P.S. 184M SHUANG WEN,7,2015,Not SWD,35,s,s,s,s,s,s,s,s,s,s,s
01M184,P.S. 184M SHUANG WEN,7,2016,Not SWD,64,333,1,1.6,12,18.8,29,45.3,22,34.4,51,79.7
01M184,P.S. 184M SHUANG WEN,7,2017,Not SWD,67,334,4,6.0,9,13.4,27,40.3,27,40.3,54,80.6
01M184,P.S. 184M SHUANG WEN,7,2018,Not SWD,66,617,2,3.0,12,18.2,26,39.4,26,39.4,52,78.8
01M184,P.S. 184M SHUANG WEN,7,2019,Not SWD,71,618,7,9.9,5,7.0,26,36.6,33,46.5,59,83.1
01M184,P.S. 184M SHUANG WEN,8,2013,Not SWD,48,s,s,s,s,s,s,s,s,s,s,s
01M184,P.S. 184M SHUANG WEN,8,2014,Not SWD,55,s,s,s,s,s,s,s,s,s,s,s
01M184,P.S. 184M SHUANG WEN,8,2015,Not SWD,55,s,s,s,s,s,s,s,s,s,s,s
01M184,P.S. 184M SHUANG WEN,8,2016,Not SWD,45,s,s,s,s,s,s,s,s,s,s,s
01M184,P.S. 184M SHUANG WEN,8,2017,Not SWD,65,333,1,1.5,12,18.5,28,43.1,24,36.9,52,80.0
01M184,P.S. 184M SHUANG WEN,8,2018,Not SWD,68,616,5,7.4,5,7.4,22,32.4,36,52.9,58,85.3
01M184,P.S. 184M SHUANG WEN,8,2019,Not SWD,65,614,4,6.2,5,7.7,23,35.4,33,50.8,56,86.2
01M184,P.S. 184M SHUANG WEN,All Grades,2013,Not SWD,355,328,18,5.1,93,26.2,151,42.5,93,26.2,244,68.7
01M184,P.S. 184M SHUANG WEN,All Grades,2014,Not SWD,354,329,20,5.6,78,22.0,160,45.2,96,27.1,256,72.3
01M184,P.S. 184M SHUANG WEN,All Grades,2015,Not SWD,323,330,16,5.0,74,22.9,129,39.9,104,32.2,233,72.1
01M184,P.S. 184M SHUANG WEN,All Grades,2016,Not SWD,329,329,14,4.3,80,24.3,130,39.5,105,31.9,235,71.4
01M184,P.S. 184M SHUANG WEN,All Grades,2017,Not SWD,345,329,13,3.8,87,25.2,143,41.4,102,29.6,245,71.0
01M184,P.S. 184M SHUANG WEN,All Grades,2018,Not SWD,353,615,20,5.7,52,14.7,141,39.9,140,39.7,281,79.6
01M184,P.S. 184M SHUANG WEN,All Grades,2019,Not SWD,358,615,26,7.3,41,11.5,124,34.6,167,46.6,291,81.3
01M184,P.S. 184M SHUANG WEN,3,2013,SWD,6,309,1,16.7,2,33.3,3,50.0,0,0.0,3,50.0
01M184,P.S. 184M SHUANG WEN,3,2014,SWD,2,s,s,s,s,s,s,s,s,s,s,s
01M184,P.S. 184M SHUANG WEN,3,2015,SWD,16,294,8,50.0,3,18.8,4,25.0,1,6.3,5,31.3
01M184,P.S. 184M SHUANG WEN,3,2016,SWD,5,s,s,s,s,s,s,s,s,s,s,s
01M184,P.S. 184M SHUANG WEN,3,2017,SWD,12,300,5,41.7,2,16.7,5,41.7,0,0.0,5,41.7
01M184,P.S. 184M SHUANG WEN,3,2018,SWD,10,601,2,20.0,2,20.0,6,60.0,0,0.0,6,60.0
01M184,P.S. 184M SHUANG WEN,3,2019,SWD,8,606,1,12.5,3,37.5,2,25.0,2,25.0,4,50.0
01M184,P.S. 184M SHUANG WEN,4,2013,SWD,1,s,s,s,s,s,s,s,s,s,s,s
01M184,P.S. 184M SHUANG WEN,4,2014,SWD,9,288,4,44.4,2,22.2,3,33.3,0,0.0,3,33.3
01M184,P.S. 184M SHUANG WEN,4,2015,SWD,2,s,s,s,s,s,s,s,s,s,s,s
01M184,P.S. 184M SHUANG WEN,4,2016,SWD,14,304,2,14.3,9,64.3,2,14.3,1,7.1,3,21.4
01M184,P.S. 184M SHUANG WEN,4,2017,SWD,4,s,s,s,s,s,s,s,s,s,s,s
01M184,P.S. 184M SHUANG WEN,4,2018,SWD,12,596,1,8.3,7,58.3,1,8.3,3,25.0,4,33.3
01M184,P.S. 184M SHUANG WEN,4,2019,SWD,8,604,0,0.0,4,50.0,3,37.5,1,12.5,4,50.0
01M184,P.S. 184M SHUANG WEN,5,2013,SWD,2,s,s,s,s,s,s,s,s,s,s,s
01M184,P.S. 184M SHUANG WEN,5,2014,SWD,1,s,s,s,s,s,s,s,s,s,s,s
01M184,P.S. 184M SHUANG WEN,5,2015,SWD,9,314,1,11.1,5,55.6,1,11.1,2,22.2,3,33.3
01M184,P.S. 184M SHUANG WEN,5,2016,SWD,4,s,s,s,s,s,s,s,s,s,s,s
01M184,P.S. 184M SHUANG WEN,5,2017,SWD,12,308,1,8.3,8,66.7,3,25.0,0,0.0,3,25.0
01M184,P.S. 184M SHUANG WEN,5,2018,SWD,2,s,s,s,s,s,s,s,s,s,s,s
01M184,P.S. 184M SHUANG WEN,5,2019,SWD,11,599,5,45.5,3,27.3,2,18.2,1,9.1,3,27.3
01M184,P.S. 184M SHUANG WEN,6,2013,SWD,3,s,s,s,s,s,s,s,s,s,s,s
01M184,P.S. 184M SHUANG WEN,6,2014,SWD,1,s,s,s,s,s,s,s,s,s,s,s
01M184,P.S. 184M SHUANG WEN,6,2015,SWD,7,295,2,28.6,3,42.9,1,14.3,1,14.3,2,28.6
01M184,P.S. 184M SHUANG WEN,6,2016,SWD,15,303,2,13.3,10,66.7,2,13.3,1,6.7,3,20.0
01M184,P.S. 184M SHUANG WEN,6,2017,SWD,11,267,7,63.6,3,27.3,0,0.0,1,9.1,1,9.1
01M184,P.S. 184M SHUANG WEN,6,2018,SWD,16,592,10,62.5,0,0.0,3,18.8,3,18.8,6,37.5
01M184,P.S. 184M SHUANG WEN,6,2019,SWD,7,591,3,42.9,2,28.6,2,28.6,0,0.0,2,28.6
01M184,P.S. 184M SHUANG WEN,7,2013,SWD,4,s,s,s,s,s,s,s,s,s,s,s
01M184,P.S. 184M SHUANG WEN,7,2014,SWD,3,s,s,s,s,s,s,s,s,s,s,s
01M184,P.S. 184M SHUANG WEN,7,2015,SWD,1,s,s,s,s,s,s,s,s,s,s,s
01M184,P.S. 184M SHUANG WEN,7,2016,SWD,8,285,5,62.5,2,25.0,1,12.5,0,0.0,1,12.5
01M184,P.S. 184M SHUANG WEN,7,2017,SWD,14,313,0,0.0,8,57.1,5,35.7,1,7.1,6,42.9
01M184,P.S. 184M SHUANG WEN,7,2018,SWD,11,595,4,36.4,5,45.5,1,9.1,1,9.1,2,18.2
01M184,P.S. 184M SHUANG WEN,7,2019,SWD,10,599,4,40.0,2,20.0,2,20.0,2,20.0,4,40.0
01M184,P.S. 184M SHUANG WEN,8,2013,SWD,4,s,s,s,s,s,s,s,s,s,s,s
01M184,P.S. 184M SHUANG WEN,8,2014,SWD,4,s,s,s,s,s,s,s,s,s,s,s
01M184,P.S. 184M SHUANG WEN,8,2015,SWD,1,s,s,s,s,s,s,s,s,s,s,s
01M184,P.S. 184M SHUANG WEN,8,2016,SWD,1,s,s,s,s,s,s,s,s,s,s,s
01M184,P.S. 184M SHUANG WEN,8,2017,SWD,8,290,3,37.5,4,50.0,1,12.5,0,0.0,1,12.5
01M184,P.S. 184M SHUANG WEN,8,2018,SWD,16,598,0,0.0,11,68.8,5,31.3,0,0.0,5,31.3
01M184,P.S. 184M SHUANG WEN,8,2019,SWD,11,589,4,36.4,4,36.4,2,18.2,1,9.1,3,27.3
01M184,P.S. 184M SHUANG WEN,All Grades,2013,SWD,20,307,4,20.0,8,40.0,7,35.0,1,5.0,8,40.0
01M184,P.S. 184M SHUANG WEN,All Grades,2014,SWD,20,295,7,35.0,6,30.0,7,35.0,0,0.0,7,35.0
01M184,P.S. 184M SHUANG WEN,All Grades,2015,SWD,36,302,11,30.6,13,36.1,7,19.4,5,13.9,12,33.3
01M184,P.S. 184M SHUANG WEN,All Grades,2016,SWD,47,305,9,19.1,25,53.2,9,19.1,4,8.5,13,27.7
01M184,P.S. 184M SHUANG WEN,All Grades,2017,SWD,61,298,17,27.9,26,42.6,15,24.6,3,4.9,18,29.5
01M184,P.S. 184M SHUANG WEN,All Grades,2018,SWD,67,596,18,26.9,26,38.8,16,23.9,7,10.4,23,34.3
01M184,P.S. 184M SHUANG WEN,All Grades,2019,SWD,55,598,17,30.9,18,32.7,13,23.6,7,12.7,20,36.4
01M188,P.S. 188 THE ISLAND SCHOOL,3,2013,Not SWD,39,283,21,53.8,17,43.6,1,2.6,0,0.0,1,2.6
01M188,P.S. 188 THE ISLAND SCHOOL,3,2014,Not SWD,41,288,21,51.2,13,31.7,6,14.6,1,2.4,7,17.1
01M188,P.S. 188 THE ISLAND SCHOOL,3,2015,Not SWD,25,288,11,44.0,9,36.0,5,20.0,0,0.0,5,20.0
01M188,P.S. 188 THE ISLAND SCHOOL,3,2016,Not SWD,33,305,8,24.2,17,51.5,8,24.2,0,0.0,8,24.2
01M188,P.S. 188 THE ISLAND SCHOOL,3,2017,Not SWD,28,303,10,35.7,9,32.1,8,28.6,1,3.6,9,32.1
01M188,P.S. 188 THE ISLAND SCHOOL,3,2018,Not SWD,30,601,4,13.3,12,40.0,12,40.0,2,6.7,14,46.7
01M188,P.S. 188 THE ISLAND SCHOOL,3,2019,Not SWD,30,592,3,10.0,20,66.7,7,23.3,0,0.0,7,23.3
01M188,P.S. 188 THE ISLAND SCHOOL,4,2013,Not SWD,29,297,7,24.1,20,69.0,2,6.9,0,0.0,2,6.9
01M188,P.S. 188 THE ISLAND SCHOOL,4,2014,Not SWD,33,289,11,33.3,20,60.6,2,6.1,0,0.0,2,6.1
01M188,P.S. 188 THE ISLAND SCHOOL,4,2015,Not SWD,39,280,26,66.7,10,25.6,3,7.7,0,0.0,3,7.7
01M188,P.S. 188 THE ISLAND SCHOOL,4,2016,Not SWD,23,295,5,21.7,14,60.9,3,13.0,1,4.3,4,17.4
01M188,P.S. 188 THE ISLAND SCHOOL,4,2017,Not SWD,35,289,13,37.1,20,57.1,1,2.9,1,2.9,2,5.7
01M188,P.S. 188 THE ISLAND SCHOOL,4,2018,Not SWD,28,599,4,14.3,9,32.1,13,46.4,2,7.1,15,53.6
01M188,P.S. 188 THE ISLAND SCHOOL,4,2019,Not SWD,25,597,5,20.0,8,32.0,10,40.0,2,8.0,12,48.0
01M188,P.S. 188 THE ISLAND SCHOOL,5,2013,Not SWD,26,280,17,65.4,8,30.8,1,3.8,0,0.0,1,3.8
01M188,P.S. 188 THE ISLAND SCHOOL,5,2014,Not SWD,27,285,14,51.9,10,37.0,3,11.1,0,0.0,3,11.1
01M188,P.S. 188 THE ISLAND SCHOOL,5,2015,Not SWD,36,285,15,41.7,16,44.4,5,13.9,0,0.0,5,13.9
01M188,P.S. 188 THE ISLAND SCHOOL,5,2016,Not SWD,37,286,19,51.4,13,35.1,5,13.5,0,0.0,5,13.5
01M188,P.S. 188 THE ISLAND SCHOOL,5,2017,Not SWD,26,298,7,26.9,13,50.0,6,23.1,0,0.0,6,23.1
01M188,P.S. 188 THE ISLAND SCHOOL,5,2018,Not SWD,30,584,22,73.3,8,26.7,0,0.0,0,0.0,0,0.0
01M188,P.S. 188 THE ISLAND SCHOOL,5,2019,Not SWD,30,589,20,66.7,7,23.3,2,6.7,1,3.3,3,10.0
01M188,P.S. 188 THE ISLAND SCHOOL,6,2013,Not SWD,47,279,19,40.4,24,51.1,2,4.3,2,4.3,4,8.5
01M188,P.S. 188 THE ISLAND SCHOOL,6,2014,Not SWD,32,287,14,43.8,18,56.3,0,0.0,0,0.0,0,0.0
01M188,P.S. 188 THE ISLAND SCHOOL,6,2015,Not SWD,35,285,16,45.7,15,42.9,2,5.7,2,5.7,4,11.4
01M188,P.S. 188 THE ISLAND SCHOOL,6,2016,Not SWD,38,300,6,15.8,24,63.2,6,15.8,2,5.3,8,21.1
01M188,P.S. 188 THE ISLAND SCHOOL,6,2017,Not SWD,34,288,13,38.2,17,50.0,4,11.8,0,0.0,4,11.8
01M188,P.S. 188 THE ISLAND SCHOOL,6,2018,Not SWD,28,598,5,17.9,10,35.7,11,39.3,2,7.1,13,46.4
01M188,P.S. 188 THE ISLAND SCHOOL,6,2019,Not SWD,34,584,20,58.8,9,26.5,5,14.7,0,0.0,5,14.7
01M188,P.S. 188 THE ISLAND SCHOOL,7,2013,Not SWD,53,285,29,54.7,21,39.6,2,3.8,1,1.9,3,5.7
01M188,P.S. 188 THE ISLAND SCHOOL,7,2014,Not SWD,50,279,28,56.0,18,36.0,4,8.0,0,0.0,4,8.0
01M188,P.S. 188 THE ISLAND SCHOOL,7,2015,Not SWD,37,281,22,59.5,12,32.4,3,8.1,0,0.0,3,8.1
01M188,P.S. 188 THE ISLAND SCHOOL,7,2016,Not SWD,39,288,16,41.0,20,51.3,3,7.7,0,0.0,3,7.7
01M188,P.S. 188 THE ISLAND SCHOOL,7,2017,Not SWD,39,299,11,28.2,20,51.3,7,17.9,1,2.6,8,20.5
01M188,P.S. 188 THE ISLAND SCHOOL,7,2018,Not SWD,33,598,11,33.3,14,42.4,8,24.2,0,0.0,8,24.2
01M188,P.S. 188 THE ISLAND SCHOOL,7,2019,Not SWD,36,600,9,25.0,14,38.9,12,33.3,1,2.8,13,36.1
01M188,P.S. 188 THE ISLAND SCHOOL,8,2013,Not SWD,49,285,19,38.8,23,46.9,6,12.2,1,2.0,7,14.3
01M188,P.S. 188 THE ISLAND SCHOOL,8,2014,Not SWD,47,299,7,14.9,32,68.1,6,12.8,2,4.3,8,17.0
01M188,P.S. 188 THE ISLAND SCHOOL,8,2015,Not SWD,46,286,21,45.7,17,37.0,8,17.4,0,0.0,8,17.4
01M188,P.S. 188 THE ISLAND SCHOOL,8,2016,Not SWD,37,297,7,18.9,19,51.4,11,29.7,0,0.0,11,29.7
01M188,P.S. 188 THE ISLAND SCHOOL,8,2017,Not SWD,35,295,10,28.6,17,48.6,8,22.9,0,0.0,8,22.9
01M188,P.S. 188 THE ISLAND SCHOOL,8,2018,Not SWD,42,603,1,2.4,23,54.8,11,26.2,7,16.7,18,42.9
01M188,P.S. 188 THE ISLAND SCHOOL,8,2019,Not SWD,39,595,4,10.3,25,64.1,9,23.1,1,2.6,10,25.6
01M188,P.S. 188 THE ISLAND SCHOOL,All Grades,2013,Not SWD,243,284,112,46.1,113,46.5,14,5.8,4,1.6,18,7.4
01M188,P.S. 188 THE ISLAND SCHOOL,All Grades,2014,Not SWD,230,288,95,41.3,111,48.3,21,9.1,3,1.3,24,10.4
01M188,P.S. 188 THE ISLAND SCHOOL,All Grades,2015,Not SWD,218,284,111,50.9,79,36.2,26,11.9,2,0.9,28,12.8
01M188,P.S. 188 THE ISLAND SCHOOL,All Grades,2016,Not SWD,207,295,61,29.5,107,51.7,36,17.4,3,1.4,39,18.8
01M188,P.S. 188 THE ISLAND SCHOOL,All Grades,2017,Not SWD,197,295,64,32.5,96,48.7,34,17.3,3,1.5,37,18.8
01M188,P.S. 188 THE ISLAND SCHOOL,All Grades,2018,Not SWD,191,597,47,24.6,76,39.8,55,28.8,13,6.8,68,35.6
01M188,P.S. 188 THE ISLAND SCHOOL,All Grades,2019,Not SWD,194,593,61,31.4,83,42.8,45,23.2,5,2.6,50,25.8
01M188,P.S. 188 THE ISLAND SCHOOL,3,2013,SWD,6,262,6,100.0,0,0.0,0,0.0,0,0.0,0,0.0
01M188,P.S. 188 THE ISLAND SCHOOL,3,2014,SWD,7,264,5,71.4,2,28.6,0,0.0,0,0.0,0,0.0
01M188,P.S. 188 THE ISLAND SCHOOL,3,2015,SWD,14,261,11,78.6,3,21.4,0,0.0,0,0.0,0,0.0
01M188,P.S. 188 THE ISLAND SCHOOL,3,2016,SWD,7,283,5,71.4,1,14.3,1,14.3,0,0.0,1,14.3
01M188,P.S. 188 THE ISLAND SCHOOL,3,2017,SWD,17,255,15,88.2,2,11.8,0,0.0,0,0.0,0,0.0
01M188,P.S. 188 THE ISLAND SCHOOL,3,2018,SWD,10,608,0,0.0,2,20.0,8,80.0,0,0.0,8,80.0
01M188,P.S. 188 THE ISLAND SCHOOL,3,2019,SWD,13,591,1,7.7,11,84.6,1,7.7,0,0.0,1,7.7
01M188,P.S. 188 THE ISLAND SCHOOL,4,2013,SWD,10,255,7,70.0,3,30.0,0,0.0,0,0.0,0,0.0
01M188,P.S. 188 THE ISLAND SCHOOL,4,2014,SWD,13,263,11,84.6,2,15.4,0,0.0,0,0.0,0,0.0
01M188,P.S. 188 THE ISLAND SCHOOL,4,2015,SWD,9,275,6,66.7,2,22.2,0,0.0,1,11.1,1,11.1
01M188,P.S. 188 THE ISLAND SCHOOL,4,2016,SWD,14,277,8,57.1,6,42.9,0,0.0,0,0.0,0,0.0
01M188,P.S. 188 THE ISLAND SCHOOL,4,2017,SWD,10,271,7,70.0,2,20.0,1,10.0,0,0.0,1,10.0
01M188,P.S. 188 THE ISLAND SCHOOL,4,2018,SWD,13,596,1,7.7,10,76.9,2,15.4,0,0.0,2,15.4
01M188,P.S. 188 THE ISLAND SCHOOL,4,2019,SWD,8,591,1,12.5,6,75.0,1,12.5,0,0.0,1,12.5
01M188,P.S. 188 THE ISLAND SCHOOL,5,2013,SWD,7,255,7,100.0,0,0.0,0,0.0,0,0.0,0,0.0
01M188,P.S. 188 THE ISLAND SCHOOL,5,2014,SWD,17,253,14,82.4,2,11.8,1,5.9,0,0.0,1,5.9
01M188,P.S. 188 THE ISLAND SCHOOL,5,2015,SWD,12,258,11,91.7,1,8.3,0,0.0,0,0.0,0,0.0
01M188,P.S. 188 THE ISLAND SCHOOL,5,2016,SWD,11,273,8,72.7,2,18.2,1,9.1,0,0.0,1,9.1
01M188,P.S. 188 THE ISLAND SCHOOL,5,2017,SWD,10,250,9,90.0,1,10.0,0,0.0,0,0.0,0,0.0
01M188,P.S. 188 THE ISLAND SCHOOL,5,2018,SWD,11,589,10,90.9,1,9.1,0,0.0,0,0.0,0,0.0
01M188,P.S. 188 THE ISLAND SCHOOL,5,2019,SWD,18,595,4,22.2,13,72.2,1,5.6,0,0.0,1,5.6
01M188,P.S. 188 THE ISLAND SCHOOL,6,2013,SWD,13,253,11,84.6,2,15.4,0,0.0,0,0.0,0,0.0
01M188,P.S. 188 THE ISLAND SCHOOL,6,2014,SWD,11,259,9,81.8,2,18.2,0,0.0,0,0.0,0,0.0
01M188,P.S. 188 THE ISLAND SCHOOL,6,2015,SWD,15,266,13,86.7,2,13.3,0,0.0,0,0.0,0,0.0
01M188,P.S. 188 THE ISLAND SCHOOL,6,2016,SWD,10,294,3,30.0,6,60.0,1,10.0,0,0.0,1,10.0
01M188,P.S. 188 THE ISLAND SCHOOL,6,2017,SWD,13,285,5,38.5,7,53.8,1,7.7,0,0.0,1,7.7
01M188,P.S. 188 THE ISLAND SCHOOL,6,2018,SWD,11,600,0,0.0,5,45.5,6,54.5,0,0.0,6,54.5
01M188,P.S. 188 THE ISLAND SCHOOL,6,2019,SWD,9,594,2,22.2,5,55.6,2,22.2,0,0.0,2,22.2
01M188,P.S. 188 THE ISLAND SCHOOL,7,2013,SWD,10,263,8,80.0,2,20.0,0,0.0,0,0.0,0,0.0
01M188,P.S. 188 THE ISLAND SCHOOL,7,2014,SWD,15,261,10,66.7,3,20.0,2,13.3,0,0.0,2,13.3
01M188,P.S. 188 THE ISLAND SCHOOL,7,2015,SWD,17,284,9,52.9,8,47.1,0,0.0,0,0.0,0,0.0
01M188,P.S. 188 THE ISLAND SCHOOL,7,2016,SWD,15,280,9,60.0,6,40.0,0,0.0,0,0.0,0,0.0
01M188,P.S. 188 THE ISLAND SCHOOL,7,2017,SWD,12,284,8,66.7,3,25.0,1,8.3,0,0.0,1,8.3
01M188,P.S. 188 THE ISLAND SCHOOL,7,2018,SWD,16,605,2,12.5,6,37.5,7,43.8,1,6.3,8,50.0
01M188,P.S. 188 THE ISLAND SCHOOL,7,2019,SWD,14,599,4,28.6,6,42.9,4,28.6,0,0.0,4,28.6
01M188,P.S. 188 THE ISLAND SCHOOL,8,2013,SWD,10,253,8,80.0,1,10.0,1,10.0,0,0.0,1,10.0
01M188,P.S. 188 THE ISLAND SCHOOL,8,2014,SWD,9,279,5,55.6,3,33.3,1,11.1,0,0.0,1,11.1
01M188,P.S. 188 THE ISLAND SCHOOL,8,2015,SWD,15,280,7,46.7,7,46.7,1,6.7,0,0.0,1,6.7
01M188,P.S. 188 THE ISLAND SCHOOL,8,2016,SWD,13,283,7,53.8,5,38.5,1,7.7,0,0.0,1,7.7
01M188,P.S. 188 THE ISLAND SCHOOL,8,2017,SWD,14,268,9,64.3,4,28.6,1,7.1,0,0.0,1,7.1
01M188,P.S. 188 THE ISLAND SCHOOL,8,2018,SWD,12,614,0,0.0,2,16.7,4,33.3,6,50.0,10,83.3
01M188,P.S. 188 THE ISLAND SCHOOL,8,2019,SWD,13,602,0,0.0,5,38.5,7,53.8,1,7.7,8,61.5
01M188,P.S. 188 THE ISLAND SCHOOL,All Grades,2013,SWD,56,257,47,83.9,8,14.3,1,1.8,0,0.0,1,1.8
01M188,P.S. 188 THE ISLAND SCHOOL,All Grades,2014,SWD,72,262,54,75.0,14,19.4,4,5.6,0,0.0,4,5.6
01M188,P.S. 188 THE ISLAND SCHOOL,All Grades,2015,SWD,82,271,57,69.5,23,28.0,1,1.2,1,1.2,2,2.4
01M188,P.S. 188 THE ISLAND SCHOOL,All Grades,2016,SWD,70,281,40,57.1,26,37.1,4,5.7,0,0.0,4,5.7
01M188,P.S. 188 THE ISLAND SCHOOL,All Grades,2017,SWD,76,269,53,69.7,19,25.0,4,5.3,0,0.0,4,5.3
01M188,P.S. 188 THE ISLAND SCHOOL,All Grades,2018,SWD,73,602,13,17.8,26,35.6,27,37.0,7,9.6,34,46.6
01M188,P.S. 188 THE ISLAND SCHOOL,All Grades,2019,SWD,75,596,12,16.0,46,61.3,16,21.3,1,1.3,17,22.7
01M315,THE EAST VILLAGE COMMUNITY SCHOOL,3,2013,Not SWD,26,309,7,26.9,9,34.6,9,34.6,1,3.8,10,38.5
01M315,THE EAST VILLAGE COMMUNITY SCHOOL,3,2014,Not SWD,19,314,2,10.5,6,31.6,11,57.9,0,0.0,11,57.9
01M315,THE EAST VILLAGE COMMUNITY SCHOOL,3,2015,Not SWD,27,324,3,11.1,8,29.6,12,44.4,4,14.8,16,59.3
01M315,THE EAST VILLAGE COMMUNITY SCHOOL,3,2016,Not SWD,33,s,s,s,s,s,s,s,s,s,s,s
01M315,THE EAST VILLAGE COMMUNITY SCHOOL,3,2017,Not SWD,31,s,s,s,s,s,s,s,s,s,s,s
01M315,THE EAST VILLAGE COMMUNITY SCHOOL,3,2018,Not SWD,37,s,s,s,s,s,s,s,s,s,s,s
01M315,THE EAST VILLAGE COMMUNITY SCHOOL,3,2019,Not SWD,34,s,s,s,s,s,s,s,s,s,s,s
01M315,THE EAST VILLAGE COMMUNITY SCHOOL,4,2013,Not SWD,13,s,s,s,s,s,s,s,s,s,s,s
01M315,THE EAST VILLAGE COMMUNITY SCHOOL,4,2014,Not SWD,24,326,0,0.0,7,29.2,11,45.8,6,25.0,17,70.8
01M315,THE EAST VILLAGE COMMUNITY SCHOOL,4,2015,Not SWD,14,s,s,s,s,s,s,s,s,s,s,s
01M315,THE EAST VILLAGE COMMUNITY SCHOOL,4,2016,Not SWD,26,323,0,0.0,10,38.5,10,38.5,6,23.1,16,61.5
01M315,THE EAST VILLAGE COMMUNITY SCHOOL,4,2017,Not SWD,33,s,s,s,s,s,s,s,s,s,s,s
01M315,THE EAST VILLAGE COMMUNITY SCHOOL,4,2018,Not SWD,29,s,s,s,s,s,s,s,s,s,s,s
01M315,THE EAST VILLAGE COMMUNITY SCHOOL,4,2019,Not SWD,38,s,s,s,s,s,s,s,s,s,s,s
01M315,THE EAST VILLAGE COMMUNITY SCHOOL,5,2013,Not SWD,21,s,s,s,s,s,s,s,s,s,s,s
01M315,THE EAST VILLAGE COMMUNITY SCHOOL,5,2014,Not SWD,12,s,s,s,s,s,s,s,s,s,s,s
01M315,THE EAST VILLAGE COMMUNITY SCHOOL,5,2015,Not SWD,22,s,s,s,s,s,s,s,s,s,s,s
01M315,THE EAST VILLAGE COMMUNITY SCHOOL,5,2016,Not SWD,14,s,s,s,s,s,s,s,s,s,s,s
01M315,THE EAST VILLAGE COMMUNITY SCHOOL,5,2017,Not SWD,27,337,0,0.0,5,18.5,12,44.4,10,37.0,22,81.5
01M315,THE EAST VILLAGE COMMUNITY SCHOOL,5,2018,Not SWD,33,s,s,s,s,s,s,s,s,s,s,s
01M315,THE EAST VILLAGE COMMUNITY SCHOOL,5,2019,Not SWD,29,s,s,s,s,s,s,s,s,s,s,s
01M315,THE EAST VILLAGE COMMUNITY SCHOOL,All Grades,2013,Not SWD,60,318,8,13.3,24,40.0,20,33.3,8,13.3,28,46.7
01M315,THE EAST VILLAGE COMMUNITY SCHOOL,All Grades,2014,Not SWD,55,324,3,5.5,15,27.3,25,45.5,12,21.8,37,67.3
01M315,THE EAST VILLAGE COMMUNITY SCHOOL,All Grades,2015,Not SWD,63,321,7,11.1,19,30.2,27,42.9,10,15.9,37,58.7
01M315,THE EAST VILLAGE COMMUNITY SCHOOL,All Grades,2016,Not SWD,73,324,4,5.5,25,34.2,32,43.8,12,16.4,44,60.3
01M315,THE EAST VILLAGE COMMUNITY SCHOOL,All Grades,2017,Not SWD,91,324,6,6.6,30,33.0,34,37.4,21,23.1,55,60.4
01M315,THE EAST VILLAGE COMMUNITY SCHOOL,All Grades,2018,Not SWD,99,611,4,4.0,27,27.3,49,49.5,19,19.2,68,68.7
01M315,THE EAST VILLAGE COMMUNITY SCHOOL,All Grades,2019,Not SWD,101,607,8,7.9,27,26.7,50,49.5,16,15.8,66,65.3
01M315,THE EAST VILLAGE COMMUNITY SCHOOL,3,2013,SWD,11,258,9,81.8,2,18.2,0,0.0,0,0.0,0,0.0
01M315,THE EAST VILLAGE COMMUNITY SCHOOL,3,2014,SWD,8,251,8,100.0,0,0.0,0,0.0,0,0.0,0,0.0
01M315,THE EAST VILLAGE COMMUNITY SCHOOL,3,2015,SWD,7,282,5,71.4,2,28.6,0,0.0,0,0.0,0,0.0
01M315,THE EAST VILLAGE COMMUNITY SCHOOL,3,2016,SWD,2,s,s,s,s,s,s,s,s,s,s,s
01M315,THE EAST VILLAGE COMMUNITY SCHOOL,3,2017,SWD,5,s,s,s,s,s,s,s,s,s,s,s
01M315,THE EAST VILLAGE COMMUNITY SCHOOL,3,2018,SWD,4,s,s,s,s,s,s,s,s,s,s,s
01M315,THE EAST VILLAGE COMMUNITY SCHOOL,3,2019,SWD,3,s,s,s,s,s,s,s,s,s,s,s
01M315,THE EAST VILLAGE COMMUNITY SCHOOL,4,2013,SWD,3,s,s,s,s,s,s,s,s,s,s,s
01M315,THE EAST VILLAGE COMMUNITY SCHOOL,4,2014,SWD,12,263,7,58.3,3,25.0,1,8.3,1,8.3,2,16.7
01M315,THE EAST VILLAGE COMMUNITY SCHOOL,4,2015,SWD,4,s,s,s,s,s,s,s,s,s,s,s
01M315,THE EAST VILLAGE COMMUNITY SCHOOL,4,2016,SWD,6,292,2,33.3,2,33.3,2,33.3,0,0.0,2,33.3
01M315,THE EAST VILLAGE COMMUNITY SCHOOL,4,2017,SWD,2,s,s,s,s,s,s,s,s,s,s,s
01M315,THE EAST VILLAGE COMMUNITY SCHOOL,4,2018,SWD,3,s,s,s,s,s,s,s,s,s,s,s
01M315,THE EAST VILLAGE COMMUNITY SCHOOL,4,2019,SWD,5,s,s,s,s,s,s,s,s,s,s,s
01M315,THE EAST VILLAGE COMMUNITY SCHOOL,5,2013,SWD,4,s,s,s,s,s,s,s,s,s,s,s
01M315,THE EAST VILLAGE COMMUNITY SCHOOL,5,2014,SWD,3,s,s,s,s,s,s,s,s,s,s,s
01M315,THE EAST VILLAGE COMMUNITY SCHOOL,5,2015,SWD,4,s,s,s,s,s,s,s,s,s,s,s
01M315,THE EAST VILLAGE COMMUNITY SCHOOL,5,2016,SWD,4,s,s,s,s,s,s,s,s,s,s,s
01M315,THE EAST VILLAGE COMMUNITY SCHOOL,5,2017,SWD,7,295,2,28.6,4,57.1,1,14.3,0,0.0,1,14.3
01M315,THE EAST VILLAGE COMMUNITY SCHOOL,5,2018,SWD,1,s,s,s,s,s,s,s,s,s,s,s
01M315,THE EAST VILLAGE COMMUNITY SCHOOL,5,2019,SWD,3,s,s,s,s,s,s,s,s,s,s,s
01M315,THE EAST VILLAGE COMMUNITY SCHOOL,All Grades,2013,SWD,18,266,13,72.2,4,22.2,1,5.6,0,0.0,1,5.6
01M315,THE EAST VILLAGE COMMUNITY SCHOOL,All Grades,2014,SWD,23,263,17,73.9,3,13.0,1,4.3,2,8.7,3,13.0
01M315,THE EAST VILLAGE COMMUNITY SCHOOL,All Grades,2015,SWD,15,282,10,66.7,3,20.0,1,6.7,1,6.7,2,13.3
01M315,THE EAST VILLAGE COMMUNITY SCHOOL,All Grades,2016,SWD,12,278,5,41.7,5,41.7,2,16.7,0,0.0,2,16.7
01M315,THE EAST VILLAGE COMMUNITY SCHOOL,All Grades,2017,SWD,14,290,5,35.7,6,42.9,3,21.4,0,0.0,3,21.4
01M315,THE EAST VILLAGE COMMUNITY SCHOOL,All Grades,2018,SWD,8,593,2,25.0,4,50.0,1,12.5,1,12.5,2,25.0
01M315,THE EAST VILLAGE COMMUNITY SCHOOL,All Grades,2019,SWD,11,594,3,27.3,5,45.5,2,18.2,1,9.1,3,27.3
01M332,UNIVERSITY NEIGHBORHOOD MIDDLE SCHOOL,6,2013,Not SWD,22,s,s,s,s,s,s,s,s,s,s,s
01M332,UNIVERSITY NEIGHBORHOOD MIDDLE SCHOOL,6,2014,Not SWD,16,296,6,37.5,8,50.0,0,0.0,2,12.5,2,12.5
01M332,UNIVERSITY NEIGHBORHOOD MIDDLE SCHOOL,6,2015,Not SWD,12,287,5,41.7,4,33.3,2,16.7,1,8.3,3,25.0
01M332,UNIVERSITY NEIGHBORHOOD MIDDLE SCHOOL,6,2016,Not SWD,27,305,9,33.3,7,25.9,6,22.2,5,18.5,11,40.7
01M332,UNIVERSITY NEIGHBORHOOD MIDDLE SCHOOL,6,2017,Not SWD,31,300,9,29.0,14,45.2,4,12.9,4,12.9,8,25.8
01M332,UNIVERSITY NEIGHBORHOOD MIDDLE SCHOOL,6,2018,Not SWD,41,597,12,29.3,14,34.1,8,19.5,7,17.1,15,36.6
01M332,UNIVERSITY NEIGHBORHOOD MIDDLE SCHOOL,6,2019,Not SWD,37,600,8,21.6,9,24.3,11,29.7,9,24.3,20,54.1
01M332,UNIVERSITY NEIGHBORHOOD MIDDLE SCHOOL,7,2013,Not SWD,33,284,12,36.4,17,51.5,3,9.1,1,3.0,4,12.1
01M332,UNIVERSITY NEIGHBORHOOD MIDDLE SCHOOL,7,2014,Not SWD,19,281,8,42.1,6,31.6,5,26.3,0,0.0,5,26.3
01M332,UNIVERSITY NEIGHBORHOOD MIDDLE SCHOOL,7,2015,Not SWD,20,280,8,40.0,10,50.0,2,10.0,0,0.0,2,10.0
01M332,UNIVERSITY NEIGHBORHOOD MIDDLE SCHOOL,7,2016,Not SWD,17,305,5,29.4,6,35.3,4,23.5,2,11.8,6,35.3
01M332,UNIVERSITY NEIGHBORHOOD MIDDLE SCHOOL,7,2017,Not SWD,45,306,8,17.8,22,48.9,10,22.2,5,11.1,15,33.3
01M332,UNIVERSITY NEIGHBORHOOD MIDDLE SCHOOL,7,2018,Not SWD,34,597,11,32.4,15,44.1,7,20.6,1,2.9,8,23.5
01M332,UNIVERSITY NEIGHBORHOOD MIDDLE SCHOOL,7,2019,Not SWD,43,598,13,30.2,18,41.9,7,16.3,5,11.6,12,27.9
01M332,UNIVERSITY NEIGHBORHOOD MIDDLE SCHOOL,8,2013,Not SWD,22,277,14,63.6,5,22.7,3,13.6,0,0.0,3,13.6
01M332,UNIVERSITY NEIGHBORHOOD MIDDLE SCHOOL,8,2014,Not SWD,37,276,17,45.9,11,29.7,7,18.9,2,5.4,9,24.3
01M332,UNIVERSITY NEIGHBORHOOD MIDDLE SCHOOL,8,2015,Not SWD,19,288,8,42.1,4,21.1,6,31.6,1,5.3,7,36.8
01M332,UNIVERSITY NEIGHBORHOOD MIDDLE SCHOOL,8,2016,Not SWD,21,295,6,28.6,10,47.6,2,9.5,3,14.3,5,23.8
01M332,UNIVERSITY NEIGHBORHOOD MIDDLE SCHOOL,8,2017,Not SWD,40,296,11,27.5,18,45.0,8,20.0,3,7.5,11,27.5
01M332,UNIVERSITY NEIGHBORHOOD MIDDLE SCHOOL,8,2018,Not SWD,35,598,8,22.9,13,37.1,11,31.4,3,8.6,14,40.0
01M332,UNIVERSITY NEIGHBORHOOD MIDDLE SCHOOL,8,2019,Not SWD,35,600,5,14.3,14,40.0,13,37.1,3,8.6,16,45.7
01M332,UNIVERSITY NEIGHBORHOOD MIDDLE SCHOOL,All Grades,2013,Not SWD,77,281,34,44.2,35,45.5,7,9.1,1,1.3,8,10.4
01M332,UNIVERSITY NEIGHBORHOOD MIDDLE SCHOOL,All Grades,2014,Not SWD,72,282,31,43.1,25,34.7,12,16.7,4,5.6,16,22.2
01M332,UNIVERSITY NEIGHBORHOOD MIDDLE SCHOOL,All Grades,2015,Not SWD,51,285,21,41.2,18,35.3,10,19.6,2,3.9,12,23.5
01M332,UNIVERSITY NEIGHBORHOOD MIDDLE SCHOOL,All Grades,2016,Not SWD,65,302,20,30.8,23,35.4,12,18.5,10,15.4,22,33.8
01M332,UNIVERSITY NEIGHBORHOOD MIDDLE SCHOOL,All Grades,2017,Not SWD,116,301,28,24.1,54,46.6,22,19.0,12,10.3,34,29.3
01M332,UNIVERSITY NEIGHBORHOOD MIDDLE SCHOOL,All Grades,2018,Not SWD,110,597,31,28.2,42,38.2,26,23.6,11,10.0,37,33.6
01M332,UNIVERSITY NEIGHBORHOOD MIDDLE SCHOOL,All Grades,2019,Not SWD,115,599,26,22.6,41,35.7,31,27.0,17,14.8,48,41.7
01M332,UNIVERSITY NEIGHBORHOOD MIDDLE SCHOOL,6,2013,SWD,5,s,s,s,s,s,s,s,s,s,s,s
01M332,UNIVERSITY NEIGHBORHOOD MIDDLE SCHOOL,6,2014,SWD,6,283,3,50.0,2,33.3,1,16.7,0,0.0,1,16.7
01M332,UNIVERSITY NEIGHBORHOOD MIDDLE SCHOOL,6,2015,SWD,10,276,5,50.0,4,40.0,1,10.0,0,0.0,1,10.0
01M332,UNIVERSITY NEIGHBORHOOD MIDDLE SCHOOL,6,2016,SWD,9,265,7,77.8,2,22.2,0,0.0,0,0.0,0,0.0
01M332,UNIVERSITY NEIGHBORHOOD MIDDLE SCHOOL,6,2017,SWD,18,280,11,61.1,5,27.8,1,5.6,1,5.6,2,11.1
01M332,UNIVERSITY NEIGHBORHOOD MIDDLE SCHOOL,6,2018,SWD,23,578,18,78.3,3,13.0,1,4.3,1,4.3,2,8.7
01M332,UNIVERSITY NEIGHBORHOOD MIDDLE SCHOOL,6,2019,SWD,18,568,15,83.3,1,5.6,1,5.6,1,5.6,2,11.1
01M332,UNIVERSITY NEIGHBORHOOD MIDDLE SCHOOL,7,2013,SWD,7,244,7,100.0,0,0.0,0,0.0,0,0.0,0,0.0
01M332,UNIVERSITY NEIGHBORHOOD MIDDLE SCHOOL,7,2014,SWD,7,267,4,57.1,3,42.9,0,0.0,0,0.0,0,0.0
01M332,UNIVERSITY NEIGHBORHOOD MIDDLE SCHOOL,7,2015,SWD,7,273,4,57.1,2,28.6,1,14.3,0,0.0,1,14.3
01M332,UNIVERSITY NEIGHBORHOOD MIDDLE SCHOOL,7,2016,SWD,10,284,6,60.0,3,30.0,1,10.0,0,0.0,1,10.0
01M332,UNIVERSITY NEIGHBORHOOD MIDDLE SCHOOL,7,2017,SWD,16,271,9,56.3,6,37.5,1,6.3,0,0.0,1,6.3
01M332,UNIVERSITY NEIGHBORHOOD MIDDLE SCHOOL,7,2018,SWD,18,587,12,66.7,4,22.2,2,11.1,0,0.0,2,11.1
01M332,UNIVERSITY NEIGHBORHOOD MIDDLE SCHOOL,7,2019,SWD,25,580,16,64.0,8,32.0,1,4.0,0,0.0,1,4.0
01M332,UNIVERSITY NEIGHBORHOOD MIDDLE SCHOOL,8,2013,SWD,6,262,5,83.3,1,16.7,0,0.0,0,0.0,0,0.0
01M332,UNIVERSITY NEIGHBORHOOD MIDDLE SCHOOL,8,2014,SWD,6,250,5,83.3,1,16.7,0,0.0,0,0.0,0,0.0
01M332,UNIVERSITY NEIGHBORHOOD MIDDLE SCHOOL,8,2015,SWD,6,271,3,50.0,3,50.0,0,0.0,0,0.0,0,0.0
01M332,UNIVERSITY NEIGHBORHOOD MIDDLE SCHOOL,8,2016,SWD,7,276,2,28.6,5,71.4,0,0.0,0,0.0,0,0.0
01M332,UNIVERSITY NEIGHBORHOOD MIDDLE SCHOOL,8,2017,SWD,25,283,11,44.0,11,44.0,2,8.0,1,4.0,3,12.0
01M332,UNIVERSITY NEIGHBORHOOD MIDDLE SCHOOL,8,2018,SWD,15,586,7,46.7,6,40.0,2,13.3,0,0.0,2,13.3
01M332,UNIVERSITY NEIGHBORHOOD MIDDLE SCHOOL,8,2019,SWD,17,589,8,47.1,5,29.4,2,11.8,2,11.8,4,23.5
01M332,UNIVERSITY NEIGHBORHOOD MIDDLE SCHOOL,All Grades,2013,SWD,18,257,15,83.3,3,16.7,0,0.0,0,0.0,0,0.0
01M332,UNIVERSITY NEIGHBORHOOD MIDDLE SCHOOL,All Grades,2014,SWD,19,267,12,63.2,6,31.6,1,5.3,0,0.0,1,5.3
01M332,UNIVERSITY NEIGHBORHOOD MIDDLE SCHOOL,All Grades,2015,SWD,23,274,12,52.2,9,39.1,2,8.7,0,0.0,2,8.7
01M332,UNIVERSITY NEIGHBORHOOD MIDDLE SCHOOL,All Grades,2016,SWD,26,275,15,57.7,10,38.5,1,3.8,0,0.0,1,3.8
01M332,UNIVERSITY NEIGHBORHOOD MIDDLE SCHOOL,All Grades,2017,SWD,59,279,31,52.5,22,37.3,4,6.8,2,3.4,6,10.2
01M332,UNIVERSITY NEIGHBORHOOD MIDDLE SCHOOL,All Grades,2018,SWD,56,583,37,66.1,13,23.2,5,8.9,1,1.8,6,10.7
01M332,UNIVERSITY NEIGHBORHOOD MIDDLE SCHOOL,All Grades,2019,SWD,60,579,39,65.0,14,23.3,4,6.7,3,5.0,7,11.7
01M361,THE CHILDREN'S WORKSHOP SCHOOL,3,2013,Not SWD,29,312,6,20.7,9,31.0,14,48.3,0,0.0,14,48.3
01M361,THE CHILDREN'S WORKSHOP SCHOOL,3,2014,Not SWD,27,320,3,11.1,6,22.2,17,63.0,1,3.7,18,66.7
01M361,THE CHILDREN'S WORKSHOP SCHOOL,3,2015,Not SWD,18,s,s,s,s,s,s,s,s,s,s,s
01M361,THE CHILDREN'S WORKSHOP SCHOOL,3,2016,Not SWD,18,s,s,s,s,s,s,s,s,s,s,s
01M361,THE CHILDREN'S WORKSHOP SCHOOL,3,2017,Not SWD,26,s,s,s,s,s,s,s,s,s,s,s
01M361,THE CHILDREN'S WORKSHOP SCHOOL,3,2018,Not SWD,28,s,s,s,s,s,s,s,s,s,s,s
01M361,THE CHILDREN'S WORKSHOP SCHOOL,3,2019,Not SWD,28,613,0,0.0,5,17.9,18,64.3,5,17.9,23,82.1
01M361,THE CHILDREN'S WORKSHOP SCHOOL,4,2013,Not SWD,32,309,6,18.8,16,50.0,6,18.8,4,12.5,10,31.3
01M361,THE CHILDREN'S WORKSHOP SCHOOL,4,2014,Not SWD,26,318,5,19.2,8,30.8,9,34.6,4,15.4,13,50.0
01M361,THE CHILDREN'S WORKSHOP SCHOOL,4,2015,Not SWD,26,328,1,3.8,9,34.6,6,23.1,10,38.5,16,61.5
01M361,THE CHILDREN'S WORKSHOP SCHOOL,4,2016,Not SWD,17,328,0,0.0,3,17.6,11,64.7,3,17.6,14,82.4
01M361,THE CHILDREN'S WORKSHOP SCHOOL,4,2017,Not SWD,22,313,4,18.2,6,27.3,9,40.9,3,13.6,12,54.5
01M361,THE CHILDREN'S WORKSHOP SCHOOL,4,2018,Not SWD,25,s,s,s,s,s,s,s,s,s,s,s
01M361,THE CHILDREN'S WORKSHOP SCHOOL,4,2019,Not SWD,28,605,2,7.1,9,32.1,11,39.3,6,21.4,17,60.7
01M361,THE CHILDREN'S WORKSHOP SCHOOL,5,2013,Not SWD,20,s,s,s,s,s,s,s,s,s,s,s
01M361,THE CHILDREN'S WORKSHOP SCHOOL,5,2014,Not SWD,27,313,6,22.2,10,37.0,6,22.2,5,18.5,11,40.7
01M361,THE CHILDREN'S WORKSHOP SCHOOL,5,2015,Not SWD,25,321,2,8.0,10,40.0,6,24.0,7,28.0,13,52.0
01M361,THE CHILDREN'S WORKSHOP SCHOOL,5,2016,Not SWD,23,336,0,0.0,5,21.7,7,30.4,11,47.8,18,78.3
01M361,THE CHILDREN'S WORKSHOP SCHOOL,5,2017,Not SWD,20,s,s,s,s,s,s,s,s,s,s,s
01M361,THE CHILDREN'S WORKSHOP SCHOOL,5,2018,Not SWD,21,615,2,9.5,4,19.0,9,42.9,6,28.6,15,71.4
01M361,THE CHILDREN'S WORKSHOP SCHOOL,5,2019,Not SWD,22,s,s,s,s,s,s,s,s,s,s,s
01M361,THE CHILDREN'S WORKSHOP SCHOOL,All Grades,2013,Not SWD,81,311,13,16.0,39,48.1,25,30.9,4,4.9,29,35.8
01M361,THE CHILDREN'S WORKSHOP SCHOOL,All Grades,2014,Not SWD,80,317,14,17.5,24,30.0,32,40.0,10,12.5,42,52.5
01M361,THE CHILDREN'S WORKSHOP SCHOOL,All Grades,2015,Not SWD,69,325,3,4.3,25,36.2,22,31.9,19,27.5,41,59.4
01M361,THE CHILDREN'S WORKSHOP SCHOOL,All Grades,2016,Not SWD,58,330,3,5.2,12,20.7,26,44.8,17,29.3,43,74.1
01M361,THE CHILDREN'S WORKSHOP SCHOOL,All Grades,2017,Not SWD,68,330,5,7.4,12,17.6,38,55.9,13,19.1,51,75.0
01M361,THE CHILDREN'S WORKSHOP SCHOOL,All Grades,2018,Not SWD,74,611,5,6.8,15,20.3,41,55.4,13,17.6,54,73.0
01M361,THE CHILDREN'S WORKSHOP SCHOOL,All Grades,2019,Not SWD,78,609,6,7.7,18,23.1,38,48.7,16,20.5,54,69.2
01M361,THE CHILDREN'S WORKSHOP SCHOOL,3,2013,SWD,8,268,7,87.5,0,0.0,1,12.5,0,0.0,1,12.5
01M361,THE CHILDREN'S WORKSHOP SCHOOL,3,2014,SWD,8,269,6,75.0,2,25.0,0,0.0,0,0.0,0,0.0
01M361,THE CHILDREN'S WORKSHOP SCHOOL,3,2015,SWD,5,s,s,s,s,s,s,s,s,s,s,s
01M361,THE CHILDREN'S WORKSHOP SCHOOL,3,2016,SWD,4,s,s,s,s,s,s,s,s,s,s,s
01M361,THE CHILDREN'S WORKSHOP SCHOOL,3,2017,SWD,5,s,s,s,s,s,s,s,s,s,s,s
01M361,THE CHILDREN'S WORKSHOP SCHOOL,3,2018,SWD,5,s,s,s,s,s,s,s,s,s,s,s
01M361,THE CHILDREN'S WORKSHOP SCHOOL,3,2019,SWD,6,583,3,50.0,3,50.0,0,0.0,0,0.0,0,0.0
01M361,THE CHILDREN'S WORKSHOP SCHOOL,4,2013,SWD,8,265,6,75.0,2,25.0,0,0.0,0,0.0,0,0.0
01M361,THE CHILDREN'S WORKSHOP SCHOOL,4,2014,SWD,8,276,6,75.0,2,25.0,0,0.0,0,0.0,0,0.0
01M361,THE CHILDREN'S WORKSHOP SCHOOL,4,2015,SWD,8,282,5,62.5,3,37.5,0,0.0,0,0.0,0,0.0
01M361,THE CHILDREN'S WORKSHOP SCHOOL,4,2016,SWD,6,286,3,50.0,1,16.7,2,33.3,0,0.0,2,33.3
01M361,THE CHILDREN'S WORKSHOP SCHOOL,4,2017,SWD,7,289,2,28.6,5,71.4,0,0.0,0,0.0,0,0.0
01M361,THE CHILDREN'S WORKSHOP SCHOOL,4,2018,SWD,4,s,s,s,s,s,s,s,s,s,s,s
01M361,THE CHILDREN'S WORKSHOP SCHOOL,4,2019,SWD,6,578,4,66.7,2,33.3,0,0.0,0,0.0,0,0.0
01M361,THE CHILDREN'S WORKSHOP SCHOOL,5,2013,SWD,4,s,s,s,s,s,s,s,s,s,s,s
01M361,THE CHILDREN'S WORKSHOP SCHOOL,5,2014,SWD,8,259,5,62.5,3,37.5,0,0.0,0,0.0,0,0.0
01M361,THE CHILDREN'S WORKSHOP SCHOOL,5,2015,SWD,7,278,5,71.4,2,28.6,0,0.0,0,0.0,0,0.0
01M361,THE CHILDREN'S WORKSHOP SCHOOL,5,2016,SWD,8,286,5,62.5,2,25.0,1,12.5,0,0.0,1,12.5
01M361,THE CHILDREN'S WORKSHOP SCHOOL,5,2017,SWD,5,s,s,s,s,s,s,s,s,s,s,s
01M361,THE CHILDREN'S WORKSHOP SCHOOL,5,2018,SWD,6,609,1,16.7,1,16.7,2,33.3,2,33.3,4,66.7
01M361,THE CHILDREN'S WORKSHOP SCHOOL,5,2019,SWD,5,s,s,s,s,s,s,s,s,s,s,s
01M361,THE CHILDREN'S WORKSHOP SCHOOL,All Grades,2013,SWD,20,266,16,80.0,2,10.0,2,10.0,0,0.0,2,10.0
01M361,THE CHILDREN'S WORKSHOP SCHOOL,All Grades,2014,SWD,24,268,17,70.8,7,29.2,0,0.0,0,0.0,0,0.0
01M361,THE CHILDREN'S WORKSHOP SCHOOL,All Grades,2015,SWD,20,280,14,70.0,6,30.0,0,0.0,0,0.0,0,0.0
01M361,THE CHILDREN'S WORKSHOP SCHOOL,All Grades,2016,SWD,18,289,10,55.6,4,22.2,4,22.2,0,0.0,4,22.2
01M361,THE CHILDREN'S WORKSHOP SCHOOL,All Grades,2017,SWD,17,288,9,52.9,7,41.2,1,5.9,0,0.0,1,5.9
01M361,THE CHILDREN'S WORKSHOP SCHOOL,All Grades,2018,SWD,15,598,4,26.7,5,33.3,3,20.0,3,20.0,6,40.0
01M361,THE CHILDREN'S WORKSHOP SCHOOL,All Grades,2019,SWD,17,585,8,47.1,8,47.1,1,5.9,0,0.0,1,5.9
